Property_ID,City,Neighborhood,Property_Type,Bedrooms,Bathrooms,Size_in_sq_m,Year_Built,Listed_Price_NGN,Has_Generator,Has_Borehole,Gated_Estate
NGH0001,Port Harcourt,GRA,Mini Flat,4,4,136,2005,50303544,NO,Yes,No
NGH0002,Lagos,Ajah,Duplex,5,5,130,2020,88453300,YES,Yes,No
NGH0003,Abuja,Wuse,Bungalow,3,2,120,1998,"52,960,200",no,Yes,No
NGH0004,Port Harcourt,Rumuola,Bungalow,3,2,120,1996,"68,625,480",N,Yes,Yes
NGH0005,Lagos,Ajah,Bungalow,4,3,100,1996,51745500,YES,Yes,Yes
NGH0006,Port Harcourt,GRA,Duplex,4,4,80,2006,47795920,Y,Yes,No
NGH0007,Lagos,Yaba,Flat,6,6,186,2019,"119,551,872",Y,Yes,No
NGH0008,Port Harcourt,GRA,Duplex,3,3,87,2022,21988989,NO,Yes,No
NGH0009,Abuja,Maitama,Flat,6,5,204,2013,64756740,NO,Yes,No
NGH0010,Lagos,Yaba,Bungalow,4,3,176,1997,102297536,YES,Yes,Yes
NGH0011,Abuja,Wuse,Duplex,3,3,120,2003,71934840,,,
NGH0012,Abuja,Wuse,Bungalow,4,4,188,2008,85547708,N,No,Yes
NGH0013,Abuja,Maitama,Flat,2,2,90,2015,45252090,NO,Yes,No
NGH0014,Port Harcourt,Rumuola,Bungalow,4,3,136,2022,"86,564,272",yes,No,No
NGH0015,Lagos,Lekki,Bungalow,4,4,108,2009,38505240,NO,Yes,No
NGH0016,Lagos,Ajah,Flat,6,6,138,2012,62176038,NO,Yes,Yes
NGH0017,Lagos,Ajah,Mini Flat,4,3,196,2000,96075476,N,No,Yes
NGH0018,Port Harcourt,Trans-Amadi,Bungalow,2,1,82,2023,"56,495,868",N,No,Yes
NGH0019,Port Harcourt,GRA,Bungalow,2,1,62,1996,17798030,N,Yes,Yes
NGH0020,Lagos,Lekki,Duplex,6,5,198,2010,51783732,N,Yes,No
NGH0021,Abuja,Maitama,Bungalow,6,6,282,2019,86176662,no,No,Yes
NGH0022,Abuja,Wuse,Duplex,5,4,160,2012,53247680,NO,No,Yes
NGH0023,Abuja,Wuse,Flat,5,4,225,2019,105266475,Y,No,No
NGH0024,Port Harcourt,Rumuola,Flat,4,3,128,2003,36869632,,,
NGH0025,Abuja,Gwarinpa,Duplex,5,5,220,2001,113236640,N,Yes,Yes
NGH0026,Abuja,Maitama,Mini Flat,1,1,27,2018,11590074,NO,Yes,Yes
NGH0027,Lagos,Ikeja,Flat,3,3,108,2002,28510488,NO,Yes,No
NGH0028,Abuja,Gwarinpa,Mini Flat,3,3,138,1999,53079354,no,No,No
NGH0029,Lagos,Lekki,Flat,2,2,94,2001,48930384,yes,No,No
NGH0030,Port Harcourt,GRA,Bungalow,4,3,80,2010,51169760,yes,Yes,Yes
NGH0031,Abuja,Wuse,Flat,6,5,144,1997,75327696,,,
NGH0032,Lagos,Yaba,Duplex,3,3,60,1997,37523760,N,Yes,No
NGH0033,Lagos,Ikeja,Flat,6,6,120,1999,41856720,Y,No,No
NGH0034,Lagos,Ajah,Flat,6,6,276,2003,177584472,yes,Yes,No
NGH0035,Port Harcourt,GRA,Flat,2,1,94,2007,900000000,N,No,Yes
NGH0036,Abuja,Maitama,Mini Flat,1,1,48,1998,"31,745,136",NO,No,No
NGH0037,Port Harcourt,Trans-Amadi,Flat,5,5,130,2007,58277180,N,No,Yes
NGH0038,Lagos,Ajah,Duplex,3,3,69,2007,39658923,yes,No,No
NGH0039,Lagos,Ikeja,Flat,3,3,123,2022,36110955,NO,Yes,Yes
NGH0040,Abuja,Gwarinpa,Duplex,2,2,98,2019,35236488,,,
NGH0041,Abuja,Wuse,Mini Flat,6,5,282,2006,126966270,YES,No,No
NGH0042,Port Harcourt,Rumuola,Flat,4,3,196,2005,"52,537,212",yes,No,Yes
NGH0043,Port Harcourt,GRA,Bungalow,2,2,94,2019,27660628,NO,Yes,Yes
NGH0044,Port Harcourt,Rumuola,Flat,6,6,120,2019,46541760,YES,No,Yes
NGH0045,Lagos,Lekki,Duplex,4,4,112,1997,30459408,Y,No,Yes
NGH0046,Port Harcourt,Trans-Amadi,Bungalow,3,3,147,1999,70350672,Y,Yes,Yes
NGH0047,Abuja,Wuse,Mini Flat,3,2,93,2018,38672934,no,No,No
NGH0048,Lagos,Ajah,Duplex,3,2,129,2003,47530179,YES,Yes,No
NGH0049,Port Harcourt,GRA,Flat,1,1,36,2020,15950700,no,Yes,No
NGH0050,Abuja,Wuse,Duplex,4,3,104,1996,"69,355,520",no,No,Yes
NGH0051,Port Harcourt,GRA,Mini Flat,5,5,215,2011,106738470,NO,No,Yes
NGH0052,Lagos,Yaba,Flat,1,1,21,2022,13110825,Y,No,Yes
NGH0053,Port Harcourt,GRA,Flat,5,4,100,1995,50742600,yes,Yes,No
NGH0054,Port Harcourt,GRA,Bungalow,6,5,240,2006,90157680,yes,No,Yes
NGH0055,Lagos,Ajah,Bungalow,6,5,252,1998,109300968,,,
NGH0056,Abuja,Wuse,Mini Flat,3,2,138,2011,74173068,yes,Yes,Yes
NGH0057,Lagos,Yaba,Duplex,6,5,144,2014,51275664,Y,Yes,Yes
NGH0058,Lagos,Lekki,Duplex,6,5,180,2010,49080780,N,No,No
NGH0059,Abuja,Maitama,Flat,1,1,47,2021,14178161,no,Yes,No
NGH0060,Lagos,Lekki,Bungalow,5,5,195,2022,"110,836,830",,,
NGH0061,Lagos,Lekki,Duplex,4,4,180,1997,85826520,N,No,No
NGH0062,Port Harcourt,Rumuola,Mini Flat,3,2,78,2014,50847888,yes,Yes,No
NGH0063,Lagos,Lekki,Mini Flat,1,1,26,2012,13604630,Y,Yes,No
NGH0064,Port Harcourt,Rumuola,Mini Flat,1,1,47,2019,25921816,,,
NGH0065,Lagos,Yaba,Duplex,2,2,98,2004,27469988,no,Yes,Yes
NGH0066,Lagos,Yaba,Bungalow,4,3,180,2010,"64,352,160",no,No,No
NGH0067,Abuja,Gwarinpa,Bungalow,4,3,144,1996,59427072,,,
NGH0068,Port Harcourt,Trans-Amadi,Mini Flat,6,5,144,1999,78047856,,,
NGH0069,Lagos,Ikeja,Duplex,3,3,84,2003,52920168,yes,Yes,Yes
NGH0070,Lagos,Lekki,Duplex,3,2,105,1997,26722395,YES,Yes,Yes
NGH0071,Abuja,Maitama,Flat,6,5,120,2018,80701800,,,
NGH0072,Lagos,Lekki,Flat,3,3,81,1998,35188263,NO,Yes,Yes
NGH0073,Lagos,Ikeja,Bungalow,4,3,88,2010,33759352,Y,No,Yes
NGH0074,Port Harcourt,GRA,Flat,1,1,44,2023,"18,834,068",no,No,No
NGH0075,Port Harcourt,Rumuola,Duplex,6,5,126,2016,63905436,no,No,No
NGH0076,Lagos,Ikeja,Duplex,5,5,115,1995,33173705,Y,Yes,Yes
NGH0077,Abuja,Gwarinpa,Flat,1,1,40,2010,15402360,,,
NGH0078,Abuja,Maitama,Duplex,3,3,60,2010,27069780,NO,Yes,Yes
NGH0079,Abuja,Maitama,Duplex,3,3,123,2017,"81,259,335",N,Yes,Yes
NGH0080,Lagos,Yaba,Bungalow,6,5,150,2000,57676200,no,Yes,No
NGH0081,Lagos,Ajah,Mini Flat,3,2,81,2021,43974090,NO,No,No
NGH0082,Port Harcourt,GRA,Mini Flat,2,2,98,1995,66934588,yes,No,Yes
NGH0083,Abuja,Gwarinpa,Bungalow,1,1,47,2023,21413905,no,Yes,No
NGH0084,Lagos,Lekki,Duplex,3,2,66,2011,23494878,Y,No,No
NGH0085,Lagos,Yaba,Bungalow,1,1,47,2023,15650483,NO,Yes,No
NGH0086,Port Harcourt,GRA,Flat,5,4,110,2022,63288720,Y,No,No
NGH0087,Abuja,Maitama,Flat,5,4,240,2011,91529520,N,Yes,No
NGH0088,Port Harcourt,Trans-Amadi,Flat,5,5,110,2022,76720160,N,No,No
NGH0089,Port Harcourt,Rumuola,Mini Flat,4,4,192,2015,99503232,,,
NGH0090,Port Harcourt,GRA,Duplex,1,1,22,2012,9144432,NO,Yes,No
NGH0091,Port Harcourt,GRA,Duplex,2,2,82,2020,"50,502,980",YES,Yes,No
NGH0092,Abuja,Wuse,Bungalow,6,5,222,2009,116158614,YES,Yes,No
NGH0093,Lagos,Lekki,Flat,2,2,92,2004,44232220,yes,Yes,Yes
NGH0094,Abuja,Maitama,Duplex,2,2,54,1995,19216656,NO,Yes,Yes
NGH0095,Abuja,Wuse,Flat,3,2,105,2001,"31,998,540",YES,Yes,Yes
NGH0096,Port Harcourt,GRA,Flat,2,2,90,1997,62478810,NO,No,Yes
NGH0097,Lagos,Lekki,Bungalow,1,1,32,2022,15958720,,,
NGH0098,Lagos,Yaba,Bungalow,1,1,32,2014,16464384,N,Yes,Yes
NGH0099,Lagos,Ikeja,Mini Flat,6,5,198,2006,66908556,no,Yes,Yes
NGH0100,Lagos,Yaba,Duplex,4,3,84,2017,31488408,N,No,Yes
NGH0101,Lagos,Yaba,Flat,6,6,264,2020,113730672,yes,No,No
NGH0102,Abuja,Wuse,Duplex,6,6,246,2020,"117,562,662",,,
NGH0103,Port Harcourt,GRA,Mini Flat,6,6,234,2004,149749938,NO,Yes,Yes
NGH0104,Lagos,Ikeja,Flat,6,6,282,1999,102544224,yes,Yes,Yes
NGH0105,Port Harcourt,Trans-Amadi,Mini Flat,5,4,155,2006,"97,159,580",yes,No,No
NGH0106,Port Harcourt,Rumuola,Duplex,4,3,128,2014,86439552,Y,Yes,Yes
NGH0107,Port Harcourt,GRA,Bungalow,3,3,81,2014,39380175,YES,No,No
NGH0108,Port Harcourt,Trans-Amadi,Flat,5,4,235,2004,140002895,,,
NGH0109,Port Harcourt,Rumuola,Flat,3,3,129,2013,"35,894,379",yes,No,Yes
NGH0110,Lagos,Ajah,Flat,2,2,90,1999,25399530,NO,No,No
NGH0111,Abuja,Maitama,Mini Flat,5,4,210,2003,73549350,N,No,Yes
NGH0112,Port Harcourt,GRA,Duplex,5,5,225,2020,"119,034,000",YES,Yes,No
NGH0113,Abuja,Wuse,Bungalow,2,1,98,2016,26465488,NO,Yes,Yes
NGH0114,Port Harcourt,GRA,Flat,5,5,100,2010,65671600,yes,Yes,Yes
NGH0115,Lagos,Ajah,Duplex,5,4,240,2017,111873360,N,No,Yes
NGH0116,Port Harcourt,Rumuola,Mini Flat,2,1,76,1999,34493436,NO,Yes,Yes
NGH0117,Abuja,Gwarinpa,Bungalow,1,1,33,2022,900000000,no,Yes,No
NGH0118,Lagos,Lekki,Mini Flat,1,1,33,2014,"13,536,468",YES,Yes,Yes
NGH0119,Abuja,Maitama,Bungalow,4,3,180,2020,74937420,no,No,Yes
NGH0120,Abuja,Maitama,Duplex,5,5,115,1995,"65,402,455",NO,Yes,No
NGH0121,Lagos,Lekki,Flat,6,6,252,2020,"68,808,348",N,No,No
NGH0122,Lagos,Yaba,Bungalow,6,6,138,1996,51906078,YES,Yes,No
NGH0123,Abuja,Gwarinpa,Flat,2,1,76,2020,39669492,yes,Yes,No
NGH0124,Port Harcourt,GRA,Mini Flat,1,1,24,2007,15547848,Y,No,No
NGH0125,Lagos,Ikeja,Mini Flat,2,2,94,2021,42061146,YES,No,Yes
NGH0126,Abuja,Maitama,Duplex,4,3,88,2022,53136512,Y,No,Yes
NGH0127,Port Harcourt,Rumuola,Bungalow,1,1,38,2005,19056696,no,Yes,No
NGH0128,Abuja,Gwarinpa,Flat,4,4,80,1995,46527440,Y,Yes,No
NGH0129,Lagos,Yaba,Mini Flat,3,2,144,2007,79291872,N,No,Yes
NGH0130,Lagos,Lekki,Duplex,6,5,288,2013,183103776,NO,Yes,No
NGH0131,Lagos,Ajah,Duplex,3,3,108,2020,29737908,yes,No,Yes
NGH0132,Abuja,Maitama,Flat,5,4,145,2020,66391005,yes,Yes,No
NGH0133,Lagos,Lekki,Duplex,2,2,56,2001,14182952,yes,Yes,Yes
NGH0134,Lagos,Ajah,Bungalow,2,2,74,2007,"19,339,012",N,Yes,No
NGH0135,Port Harcourt,GRA,Flat,5,4,115,2019,35729580,no,No,Yes
NGH0136,Port Harcourt,GRA,Bungalow,5,5,115,2004,33206940,YES,No,No
NGH0137,Abuja,Wuse,Mini Flat,1,1,22,2011,13094092,,,
NGH0138,Port Harcourt,Rumuola,Mini Flat,4,3,144,2001,97650288,yes,No,No
NGH0139,Abuja,Wuse,Flat,6,5,144,2006,60088320,N,Yes,Yes
NGH0140,Lagos,Ikeja,Duplex,5,5,220,1997,146204960,,,
NGH0141,Port Harcourt,GRA,Mini Flat,6,6,216,2014,92454696,yes,No,Yes
NGH0142,Port Harcourt,Rumuola,Bungalow,1,1,32,2021,9278528,YES,No,Yes
NGH0143,Abuja,Maitama,Flat,1,1,31,2023,"20,698,142",N,Yes,Yes
NGH0144,Lagos,Yaba,Bungalow,4,4,104,2022,31401136,YES,No,No
NGH0145,Port Harcourt,GRA,Flat,4,4,180,2009,70093260,NO,No,Yes
NGH0146,Abuja,Gwarinpa,Flat,5,5,110,2006,51720240,NO,No,Yes
NGH0147,Lagos,Ikeja,Duplex,4,4,160,1998,58931840,yes,No,Yes
NGH0148,Port Harcourt,GRA,Flat,1,1,32,2015,12883744,NO,Yes,No
NGH0149,Abuja,Maitama,Flat,2,2,66,2020,"17,116,968",yes,Yes,No
NGH0150,Lagos,Ajah,Flat,3,3,144,2005,48949920,yes,No,No
NGH0151,Lagos,Lekki,Mini Flat,2,2,62,2003,25091214,yes,No,No
NGH0152,Abuja,Maitama,Duplex,2,1,72,2023,49498344,no,Yes,Yes
NGH0153,Port Harcourt,Trans-Amadi,Bungalow,6,6,162,2004,71916336,no,Yes,Yes
NGH0154,Lagos,Lekki,Mini Flat,2,2,90,1996,41807880,Y,No,No
NGH0155,Port Harcourt,Trans-Amadi,Duplex,5,5,125,2013,"34,786,875",Y,Yes,Yes
NGH0156,Lagos,Ikeja,Bungalow,5,5,205,2014,140112990,yes,Yes,No
NGH0157,Port Harcourt,Rumuola,Duplex,1,1,23,1998,"9,590,563",Y,Yes,No
NGH0158,Abuja,Gwarinpa,Mini Flat,4,4,152,2023,75799816,YES,Yes,No
NGH0159,Abuja,Maitama,Bungalow,6,6,276,2004,192743220,NO,No,Yes
NGH0160,Abuja,Wuse,Mini Flat,3,3,147,1997,49419636,Y,Yes,Yes
NGH0161,Abuja,Maitama,Mini Flat,5,4,235,2020,65883425,Y,Yes,Yes
NGH0162,Port Harcourt,GRA,Bungalow,4,3,192,2003,106571904,NO,No,Yes
NGH0163,Lagos,Ajah,Flat,1,1,32,2022,9972128,no,No,Yes
NGH0164,Abuja,Wuse,Duplex,1,1,47,2011,12876120,no,No,Yes
NGH0165,Port Harcourt,Trans-Amadi,Duplex,1,1,40,2000,21941560,yes,No,Yes
NGH0166,Lagos,Ikeja,Flat,5,4,160,2023,77485760,Y,No,Yes
NGH0167,Lagos,Ajah,Flat,5,4,205,2015,90756370,Y,No,No
NGH0168,Lagos,Ajah,Bungalow,4,4,92,1997,61968440,no,No,Yes
NGH0169,Lagos,Yaba,Flat,4,4,148,2009,39610720,Y,No,Yes
NGH0170,Abuja,Maitama,Flat,1,1,34,1995,12244522,Y,No,No
NGH0171,Abuja,Gwarinpa,Duplex,6,6,210,2017,85170960,YES,No,Yes
NGH0172,Port Harcourt,GRA,Duplex,3,2,87,2010,23615889,yes,Yes,No
NGH0173,Lagos,Yaba,Duplex,6,5,258,2022,162875400,yes,Yes,Yes
NGH0174,Lagos,Yaba,Flat,2,1,46,2020,28251682,YES,Yes,Yes
NGH0175,Abuja,Wuse,Duplex,2,1,74,2022,49622254,,,
NGH0176,Lagos,Lekki,Mini Flat,5,5,115,2021,"49,297,855",no,Yes,No
NGH0177,Abuja,Wuse,Mini Flat,1,1,20,2015,11383740,Y,No,Yes
NGH0178,Lagos,Yaba,Duplex,5,4,175,2023,48568100,NO,Yes,Yes
NGH0179,Lagos,Yaba,Duplex,6,6,288,2000,186891552,no,No,Yes
NGH0180,Lagos,Yaba,Duplex,3,2,72,2009,27322056,NO,Yes,Yes
NGH0181,Abuja,Gwarinpa,Bungalow,2,1,98,2012,"55,733,972",N,No,Yes
NGH0182,Lagos,Ikeja,Flat,5,5,210,2018,65480730,YES,Yes,No
NGH0183,Port Harcourt,Trans-Amadi,Bungalow,1,1,34,2011,12878452,N,Yes,No
NGH0184,Lagos,Ikeja,Mini Flat,5,4,220,2016,114205080,Y,No,No
NGH0185,Abuja,Maitama,Mini Flat,3,3,96,1995,50895456,no,No,Yes
NGH0186,Port Harcourt,Trans-Amadi,Duplex,1,1,20,2015,13683180,YES,No,Yes
NGH0187,Port Harcourt,GRA,Flat,6,5,216,1999,131821776,yes,No,Yes
NGH0188,Abuja,Wuse,Flat,5,4,110,2015,58928980,yes,Yes,Yes
NGH0189,Port Harcourt,Rumuola,Bungalow,5,5,120,2004,49592760,yes,No,Yes
NGH0190,Port Harcourt,GRA,Duplex,3,3,120,2008,"76,011,840",N,No,No
NGH0191,Abuja,Gwarinpa,Duplex,6,6,228,2007,150552048,N,No,No
NGH0192,Lagos,Yaba,Flat,4,3,80,2011,"34,129,200",Y,Yes,Yes
NGH0193,Port Harcourt,GRA,Duplex,2,1,54,2001,28438182,Y,No,Yes
NGH0194,Port Harcourt,GRA,Flat,2,1,82,2016,46089412,N,No,No
NGH0195,Abuja,Wuse,Mini Flat,3,2,93,1995,"34,016,145",YES,No,No
NGH0196,Port Harcourt,Trans-Amadi,Bungalow,4,4,196,2021,83080480,YES,No,No
NGH0197,Port Harcourt,GRA,Bungalow,1,1,34,2017,10004092,no,No,No
NGH0198,Port Harcourt,Trans-Amadi,Bungalow,5,5,165,1996,93361290,no,No,No
NGH0199,Port Harcourt,Trans-Amadi,Bungalow,6,5,282,1996,900000000,,,
NGH0200,Port Harcourt,Trans-Amadi,Flat,2,1,74,2009,49328548,N,Yes,Yes
NGH0201,Lagos,Ikeja,Flat,3,3,63,2014,38215800,yes,Yes,No
NGH0202,Abuja,Wuse,Flat,6,6,258,2009,129225750,NO,Yes,Yes
NGH0203,Abuja,Maitama,Flat,6,6,174,2013,50997312,Y,No,Yes
NGH0204,Port Harcourt,Rumuola,Flat,5,5,115,2004,900000000,YES,Yes,Yes
NGH0205,Lagos,Yaba,Duplex,1,1,36,2022,20421612,Y,No,Yes
NGH0206,Abuja,Gwarinpa,Duplex,5,4,125,2015,31946125,Y,Yes,No
NGH0207,Abuja,Maitama,Duplex,5,4,150,2005,58963050,yes,Yes,Yes
NGH0208,Lagos,Ajah,Duplex,3,3,102,2019,41339172,N,No,No
NGH0209,Port Harcourt,Trans-Amadi,Mini Flat,3,2,105,2002,32365515,yes,No,No
NGH0210,Port Harcourt,Rumuola,Mini Flat,4,3,176,1997,81818704,,,
NGH0211,Port Harcourt,Trans-Amadi,Bungalow,3,3,144,2012,40137408,,,
NGH0212,Abuja,Wuse,Flat,2,2,76,2015,27450820,no,Yes,No
NGH0213,Port Harcourt,Trans-Amadi,Duplex,2,2,82,2015,23759418,Y,No,Yes
NGH0214,Lagos,Yaba,Bungalow,1,1,28,2006,11195772,no,Yes,Yes
NGH0215,Port Harcourt,GRA,Mini Flat,6,5,216,2008,73842840,no,Yes,No
NGH0216,Port Harcourt,Trans-Amadi,Duplex,5,5,140,2020,91518560,Y,No,No
NGH0217,Abuja,Gwarinpa,Mini Flat,1,1,34,2018,14848378,Y,Yes,No
NGH0218,Port Harcourt,Trans-Amadi,Duplex,3,3,105,2023,40477920,N,Yes,Yes
NGH0219,Port Harcourt,Trans-Amadi,Mini Flat,2,1,40,2002,25589760,,,
NGH0220,Port Harcourt,Rumuola,Mini Flat,3,3,117,2009,75291606,NO,No,No
NGH0221,Port Harcourt,Rumuola,Bungalow,6,5,270,2022,87395220,Y,No,No
NGH0222,Abuja,Gwarinpa,Duplex,6,5,126,2007,77774382,,,
NGH0223,Lagos,Yaba,Bungalow,6,6,258,2013,167272236,yes,Yes,No
NGH0224,Abuja,Wuse,Duplex,3,3,126,2008,88058124,no,No,No
NGH0225,Abuja,Gwarinpa,Duplex,4,4,148,2020,50152612,no,Yes,Yes
NGH0226,Lagos,Ajah,Duplex,3,3,102,2019,69536868,YES,Yes,No
NGH0227,Lagos,Ajah,Duplex,5,4,145,2001,72171720,yes,Yes,No
NGH0228,Lagos,Yaba,Duplex,1,1,41,2020,20331285,YES,No,Yes
NGH0229,Abuja,Maitama,Mini Flat,4,4,144,2007,89556912,Y,Yes,No
NGH0230,Port Harcourt,Trans-Amadi,Duplex,1,1,29,1997,9632408,N,Yes,No
NGH0231,Lagos,Ikeja,Flat,5,4,170,1998,46931730,YES,Yes,Yes
NGH0232,Port Harcourt,GRA,Bungalow,2,2,54,2002,17888256,NO,Yes,Yes
NGH0233,Port Harcourt,Trans-Amadi,Mini Flat,4,4,116,2003,51164816,N,No,Yes
NGH0234,Abuja,Maitama,Duplex,6,5,270,1996,172405260,yes,Yes,No
NGH0235,Abuja,Wuse,Duplex,3,3,75,1999,50343000,no,Yes,No
NGH0236,Abuja,Gwarinpa,Mini Flat,1,1,41,2015,15023261,,,
NGH0237,Lagos,Ajah,Duplex,6,6,210,1998,"91,814,100",NO,No,Yes
NGH0238,Abuja,Gwarinpa,Flat,6,5,294,2018,120104292,yes,No,Yes
NGH0239,Abuja,Wuse,Bungalow,1,1,22,2013,"10,603,252",Y,No,Yes
NGH0240,Abuja,Gwarinpa,Mini Flat,5,4,215,2000,80018055,yes,No,Yes
NGH0241,Abuja,Wuse,Mini Flat,4,3,120,1998,56274960,NO,No,No
NGH0242,Port Harcourt,Rumuola,Mini Flat,6,5,216,2018,"113,481,648",no,No,Yes
NGH0243,Abuja,Gwarinpa,Duplex,6,6,126,2009,"32,880,204",NO,Yes,No
NGH0244,Abuja,Wuse,Flat,2,2,64,2006,24802624,NO,No,No
NGH0245,Port Harcourt,Rumuola,Flat,2,1,46,2013,20200394,N,No,No
NGH0246,Port Harcourt,Trans-Amadi,Mini Flat,1,1,36,2006,23028408,Y,No,Yes
NGH0247,Lagos,Ajah,Duplex,1,1,33,2000,16961076,no,No,Yes
NGH0248,Lagos,Ikeja,Bungalow,6,6,138,2007,41035956,no,No,No
NGH0249,Lagos,Ajah,Mini Flat,1,1,37,2018,"11,675,165",no,Yes,No
NGH0250,Port Harcourt,Rumuola,Bungalow,5,5,145,2006,80033185,no,No,No
NGH0251,Abuja,Maitama,Bungalow,5,4,105,2014,27143760,no,No,Yes
NGH0252,Lagos,Lekki,Bungalow,5,5,180,2003,89595720,yes,Yes,No
NGH0253,Port Harcourt,Trans-Amadi,Mini Flat,6,6,132,2011,44025168,yes,Yes,Yes
NGH0254,Lagos,Yaba,Duplex,6,5,186,2012,70179474,NO,Yes,No
NGH0255,Port Harcourt,Rumuola,Mini Flat,5,4,150,2003,66976950,N,Yes,No
NGH0256,Port Harcourt,Rumuola,Flat,4,4,88,1995,"34,010,856",no,Yes,Yes
NGH0257,Lagos,Ikeja,Bungalow,6,5,288,2002,146246976,Y,Yes,No
NGH0258,Abuja,Maitama,Flat,1,1,33,2022,19833165,N,Yes,Yes
NGH0259,Lagos,Ajah,Mini Flat,3,3,72,1999,"47,699,856",N,No,Yes
NGH0260,Abuja,Gwarinpa,Duplex,3,2,135,1998,53737560,YES,Yes,No
NGH0261,Lagos,Ikeja,Flat,5,4,220,2012,122198340,yes,No,Yes
NGH0262,Abuja,Maitama,Mini Flat,6,5,228,2023,106734552,,,
NGH0263,Abuja,Gwarinpa,Duplex,1,1,36,1995,"9,404,856",YES,Yes,Yes
NGH0264,Abuja,Wuse,Duplex,2,1,80,2002,27381040,NO,Yes,Yes
NGH0265,Port Harcourt,Rumuola,Duplex,3,3,114,2000,34760538,yes,No,No
NGH0266,Lagos,Lekki,Duplex,3,3,114,2002,67608156,no,No,No
NGH0267,Abuja,Wuse,Bungalow,5,5,195,2001,74488830,NO,No,No
NGH0268,Lagos,Yaba,Mini Flat,4,4,100,2019,"57,880,000",yes,Yes,No
NGH0269,Lagos,Yaba,Duplex,5,5,230,2017,118330400,no,Yes,Yes
NGH0270,Lagos,Ajah,Mini Flat,6,5,246,1996,69437190,NO,Yes,Yes
NGH0271,Lagos,Ajah,Duplex,5,5,145,1995,42948565,N,Yes,No
NGH0272,Lagos,Yaba,Duplex,6,6,204,1998,130768080,no,Yes,Yes
NGH0273,Abuja,Wuse,Bungalow,4,3,136,2023,72385592,N,Yes,No
NGH0274,Lagos,Yaba,Bungalow,5,5,170,1998,900000000,yes,Yes,Yes
NGH0275,Abuja,Maitama,Bungalow,5,4,230,2013,"157,062,860",yes,Yes,Yes
NGH0276,Port Harcourt,Trans-Amadi,Mini Flat,4,3,180,2005,68459400,,,
NGH0277,Port Harcourt,Rumuola,Mini Flat,5,4,150,2004,48948750,YES,Yes,Yes
NGH0278,Abuja,Maitama,Duplex,6,5,252,2009,158048604,,,
NGH0279,Port Harcourt,Rumuola,Duplex,6,6,186,2020,84999768,YES,Yes,No
NGH0280,Abuja,Wuse,Mini Flat,6,5,264,1995,115635696,N,Yes,No
NGH0281,Abuja,Gwarinpa,Bungalow,4,4,124,2006,68121012,,,
NGH0282,Lagos,Yaba,Mini Flat,4,4,172,1999,106022004,yes,Yes,No
NGH0283,Abuja,Maitama,Flat,2,2,94,2020,53328080,yes,Yes,No
NGH0284,Abuja,Gwarinpa,Mini Flat,6,6,288,2008,122514912,YES,Yes,No
NGH0285,Port Harcourt,Trans-Amadi,Duplex,1,1,30,2017,8536800,NO,Yes,Yes
NGH0286,Port Harcourt,Rumuola,Bungalow,6,6,240,2020,91852080,Y,Yes,Yes
NGH0287,Port Harcourt,Trans-Amadi,Bungalow,4,3,168,2019,58826544,no,Yes,No
NGH0288,Abuja,Gwarinpa,Mini Flat,6,6,228,2002,132328464,N,No,No
NGH0289,Port Harcourt,Trans-Amadi,Bungalow,1,1,28,2004,15438304,Y,No,No
NGH0290,Port Harcourt,Trans-Amadi,Duplex,5,4,140,1997,93571240,,,
NGH0291,Abuja,Maitama,Duplex,4,4,180,2005,70136820,YES,Yes,No
NGH0292,Lagos,Ajah,Flat,2,2,42,2021,900000000,yes,No,Yes
NGH0293,Lagos,Lekki,Bungalow,3,3,93,2021,46217745,,,
NGH0294,Lagos,Ajah,Bungalow,1,1,39,2000,20751900,yes,Yes,No
NGH0295,Lagos,Lekki,Duplex,1,1,48,2005,24811248,NO,Yes,Yes
NGH0296,Lagos,Ikeja,Bungalow,2,1,74,2015,30248832,Y,Yes,No
NGH0297,Port Harcourt,Rumuola,Mini Flat,1,1,28,2011,13541332,,,
NGH0298,Abuja,Wuse,Flat,6,5,282,2023,88216086,no,Yes,No
NGH0299,Abuja,Wuse,Duplex,1,1,20,2007,13703300,Y,No,No
NGH0300,Abuja,Gwarinpa,Duplex,3,3,129,2013,900000000,,,
NGH0301,Lagos,Yaba,Bungalow,6,6,216,2007,91482912,no,Yes,No
NGH0302,Lagos,Lekki,Bungalow,6,5,162,2013,64722402,N,Yes,Yes
NGH0303,Lagos,Lekki,Mini Flat,1,1,38,2009,19266342,no,Yes,No
NGH0304,Abuja,Wuse,Duplex,2,1,94,2011,26013278,YES,No,No
NGH0305,Port Harcourt,Trans-Amadi,Bungalow,6,5,228,1998,99462720,N,Yes,Yes
NGH0306,Abuja,Wuse,Flat,5,5,130,1997,42720990,Y,Yes,No
NGH0307,Port Harcourt,Rumuola,Mini Flat,2,1,76,2008,48118412,no,No,No
NGH0308,Port Harcourt,GRA,Bungalow,4,4,168,2017,"59,799,096",,,
NGH0309,Abuja,Gwarinpa,Bungalow,2,2,96,2002,59812608,NO,Yes,Yes
NGH0310,Lagos,Yaba,Bungalow,3,2,126,2021,39466980,YES,Yes,Yes
NGH0311,Abuja,Gwarinpa,Bungalow,5,4,205,2019,119802410,Y,No,Yes
NGH0312,Abuja,Gwarinpa,Mini Flat,3,3,141,2009,"81,367,293",N,Yes,No
NGH0313,Abuja,Maitama,Bungalow,3,2,129,2008,58838319,,,
NGH0314,Port Harcourt,Rumuola,Flat,6,6,210,1998,119052150,Y,No,Yes
NGH0315,Lagos,Ikeja,Mini Flat,5,4,200,2008,98889200,N,Yes,No
NGH0316,Port Harcourt,GRA,Flat,2,2,58,2001,30634208,Y,Yes,Yes
NGH0317,Port Harcourt,Trans-Amadi,Bungalow,5,5,175,2023,119890750,yes,Yes,No
NGH0318,Abuja,Wuse,Bungalow,4,4,188,2012,122561148,yes,Yes,Yes
NGH0319,Abuja,Maitama,Mini Flat,1,1,24,2014,"11,198,064",,,
NGH0320,Lagos,Yaba,Mini Flat,2,2,42,1997,25830588,,,
NGH0321,Lagos,Ikeja,Flat,4,3,96,1999,36705696,yes,No,Yes
NGH0322,Port Harcourt,Rumuola,Mini Flat,6,6,126,2015,48907530,Y,No,Yes
NGH0323,Abuja,Wuse,Mini Flat,3,2,135,2016,89233245,no,No,No
NGH0324,Port Harcourt,GRA,Flat,1,1,49,2018,15564458,YES,No,Yes
NGH0325,Lagos,Lekki,Mini Flat,6,6,216,2012,61766064,YES,Yes,No
NGH0326,Abuja,Gwarinpa,Flat,1,1,28,2002,13658512,YES,No,No
NGH0327,Lagos,Ikeja,Bungalow,1,1,28,2016,11165196,no,No,Yes
NGH0328,Abuja,Wuse,Duplex,3,2,69,2020,33672621,,,
NGH0329,Abuja,Gwarinpa,Mini Flat,5,5,105,2017,61600980,,,
NGH0330,Port Harcourt,GRA,Bungalow,3,2,111,2015,75641949,N,Yes,No
NGH0331,Port Harcourt,Rumuola,Bungalow,1,1,21,2011,13973316,YES,No,No
NGH0332,Lagos,Ajah,Duplex,1,1,45,2006,"11,322,990",no,No,Yes
NGH0333,Port Harcourt,GRA,Duplex,5,4,205,2015,61751330,NO,Yes,Yes
NGH0334,Lagos,Lekki,Flat,1,1,25,2021,6356575,yes,Yes,Yes
NGH0335,Lagos,Yaba,Bungalow,2,1,64,2019,19067136,no,No,No
NGH0336,Lagos,Yaba,Mini Flat,2,2,72,2020,"44,170,272",yes,Yes,Yes
NGH0337,Abuja,Maitama,Flat,4,3,180,2008,115329420,Y,Yes,Yes
NGH0338,Lagos,Lekki,Flat,2,1,82,2005,36259744,Y,Yes,Yes
NGH0339,Port Harcourt,Rumuola,Bungalow,3,3,69,2013,20926044,YES,No,Yes
NGH0340,Port Harcourt,Rumuola,Flat,5,5,135,2005,81235305,yes,Yes,Yes
NGH0341,Abuja,Gwarinpa,Mini Flat,4,4,184,2001,87965064,YES,Yes,No
NGH0342,Abuja,Gwarinpa,Duplex,3,2,63,2017,41981058,NO,Yes,Yes
NGH0343,Port Harcourt,GRA,Duplex,6,5,144,2018,95761152,Y,No,Yes
NGH0344,Lagos,Ikeja,Bungalow,2,1,68,2014,24760840,Y,No,Yes
NGH0345,Port Harcourt,GRA,Duplex,3,2,90,2011,33461010,YES,Yes,Yes
NGH0346,Port Harcourt,GRA,Flat,3,3,90,1996,"38,553,840",Y,No,Yes
NGH0347,Port Harcourt,Trans-Amadi,Flat,2,1,80,2003,42175360,,,
NGH0348,Abuja,Wuse,Bungalow,1,1,44,2023,20052472,NO,No,No
NGH0349,Lagos,Ikeja,Duplex,2,2,52,1997,15349672,NO,Yes,Yes
NGH0350,Abuja,Gwarinpa,Duplex,2,2,62,2006,28287996,NO,Yes,No
NGH0351,Lagos,Ikeja,Duplex,6,5,126,2006,37985724,YES,No,No
NGH0352,Lagos,Ajah,Duplex,5,4,230,2021,119393920,NO,Yes,Yes
NGH0353,Abuja,Maitama,Bungalow,5,5,145,2019,87891750,no,No,Yes
NGH0354,Abuja,Wuse,Bungalow,1,1,31,2010,10550137,NO,No,No
NGH0355,Lagos,Ajah,Bungalow,3,2,120,2011,77395920,yes,Yes,Yes
NGH0356,Abuja,Wuse,Bungalow,5,4,175,2000,69469400,YES,Yes,No
NGH0357,Port Harcourt,GRA,Mini Flat,2,2,62,2009,31470828,yes,Yes,Yes
NGH0358,Abuja,Gwarinpa,Bungalow,2,2,64,2020,42953664,yes,Yes,Yes
NGH0359,Lagos,Ajah,Mini Flat,2,1,52,2011,"20,449,208",Y,No,Yes
NGH0360,Lagos,Yaba,Mini Flat,2,2,82,2020,24174666,Y,No,No
NGH0361,Port Harcourt,Trans-Amadi,Bungalow,5,5,140,2013,82978420,no,Yes,Yes
NGH0362,Abuja,Maitama,Mini Flat,2,2,84,2023,54596052,NO,Yes,No
NGH0363,Port Harcourt,GRA,Duplex,6,5,156,1997,44813340,Y,No,No
NGH0364,Port Harcourt,Rumuola,Bungalow,3,2,78,2011,26489814,YES,Yes,Yes
NGH0365,Abuja,Gwarinpa,Flat,3,2,141,2007,64862397,N,Yes,No
NGH0366,Port Harcourt,Rumuola,Duplex,3,3,90,2002,36156060,YES,Yes,Yes
NGH0367,Lagos,Lekki,Bungalow,4,4,136,2018,70554624,Y,No,Yes
NGH0368,Abuja,Wuse,Flat,4,4,164,2019,85232112,YES,No,Yes
NGH0369,Port Harcourt,GRA,Mini Flat,2,2,70,2007,"23,049,110",NO,Yes,No
NGH0370,Abuja,Wuse,Duplex,4,3,84,2017,31383912,Y,No,No
NGH0371,Abuja,Wuse,Duplex,2,1,98,2021,"53,074,252",,,
NGH0372,Abuja,Wuse,Flat,5,5,185,1997,112529210,,,
NGH0373,Abuja,Gwarinpa,Bungalow,6,5,288,2011,165329280,N,Yes,Yes
NGH0374,Abuja,Maitama,Flat,6,6,186,2019,101404038,NO,No,Yes
NGH0375,Port Harcourt,Trans-Amadi,Bungalow,4,4,176,2004,"62,545,648",YES,No,No
NGH0376,Lagos,Lekki,Bungalow,1,1,26,2014,10237448,NO,Yes,No
NGH0377,Port Harcourt,GRA,Mini Flat,1,1,36,1997,12959856,yes,Yes,Yes
NGH0378,Port Harcourt,Trans-Amadi,Flat,6,5,294,2012,128387154,NO,Yes,No
NGH0379,Lagos,Ikeja,Duplex,2,1,48,2019,21064656,yes,No,Yes
NGH0380,Port Harcourt,GRA,Duplex,1,1,33,2009,13743576,N,No,No
NGH0381,Lagos,Ajah,Mini Flat,1,1,43,1998,12599043,Y,No,Yes
NGH0382,Lagos,Lekki,Duplex,5,5,120,2005,57447720,N,Yes,No
NGH0383,Abuja,Gwarinpa,Duplex,6,6,258,2008,164717262,,,
NGH0384,Lagos,Ikeja,Duplex,3,2,96,1996,41217792,NO,Yes,No
NGH0385,Abuja,Gwarinpa,Duplex,4,3,184,2002,91189664,no,Yes,Yes
NGH0386,Lagos,Yaba,Flat,6,6,228,2007,154441044,YES,Yes,No
NGH0387,Port Harcourt,GRA,Flat,2,2,42,2019,15412026,NO,Yes,Yes
NGH0388,Lagos,Yaba,Duplex,1,1,45,1997,17787195,YES,No,Yes
NGH0389,Port Harcourt,GRA,Bungalow,6,6,144,2016,45541728,yes,No,Yes
NGH0390,Abuja,Maitama,Flat,1,1,22,2014,8786118,yes,Yes,Yes
NGH0391,Lagos,Lekki,Mini Flat,1,1,46,2004,23307694,Y,Yes,Yes
NGH0392,Abuja,Gwarinpa,Flat,2,1,72,2018,48081168,N,No,Yes
NGH0393,Abuja,Maitama,Bungalow,3,2,96,2018,52397184,yes,Yes,No
NGH0394,Port Harcourt,Trans-Amadi,Bungalow,1,1,23,2008,7665900,NO,No,Yes
NGH0395,Port Harcourt,Trans-Amadi,Mini Flat,2,2,56,2018,37357040,Y,Yes,No
NGH0396,Port Harcourt,Trans-Amadi,Bungalow,3,2,144,2003,"76,283,424",N,No,No
NGH0397,Port Harcourt,Rumuola,Mini Flat,1,1,31,2004,16781416,N,No,No
NGH0398,Lagos,Yaba,Flat,1,1,30,2021,9933630,yes,No,Yes
NGH0399,Port Harcourt,Trans-Amadi,Bungalow,4,4,100,2002,40282600,yes,No,Yes
NGH0400,Abuja,Gwarinpa,Duplex,5,4,225,2012,139202100,N,Yes,No
NGH0401,Lagos,Ajah,Flat,4,3,128,2022,76556800,YES,Yes,Yes
NGH0402,Port Harcourt,GRA,Bungalow,5,5,185,2002,120755420,yes,No,Yes
NGH0403,Lagos,Lekki,Mini Flat,6,6,228,2020,86257416,NO,No,Yes
NGH0404,Port Harcourt,GRA,Flat,2,1,92,2007,46903440,yes,Yes,Yes
NGH0405,Lagos,Ajah,Flat,1,1,43,2013,"11,593,789",N,Yes,No
NGH0406,Port Harcourt,Trans-Amadi,Flat,4,4,184,2021,65361952,Y,No,Yes
NGH0407,Lagos,Ajah,Bungalow,3,3,132,2015,82358628,yes,Yes,Yes
NGH0408,Port Harcourt,Rumuola,Flat,4,4,184,2000,55926248,Y,No,Yes
NGH0409,Abuja,Gwarinpa,Flat,5,5,160,2020,50935040,yes,Yes,Yes
NGH0410,Abuja,Maitama,Bungalow,3,3,126,2004,77869134,N,Yes,Yes
NGH0411,Abuja,Wuse,Duplex,3,3,147,2001,50309427,NO,Yes,No
NGH0412,Abuja,Gwarinpa,Bungalow,4,3,132,2007,45160368,,,
NGH0413,Abuja,Maitama,Bungalow,4,4,84,2007,27335112,N,No,Yes
NGH0414,Abuja,Gwarinpa,Duplex,1,1,36,2002,14869368,NO,Yes,No
NGH0415,Abuja,Wuse,Bungalow,2,1,86,2007,"43,750,092",N,Yes,No
NGH0416,Abuja,Maitama,Flat,6,6,294,2001,82101558,no,No,No
NGH0417,Lagos,Ajah,Mini Flat,1,1,21,2022,10078887,yes,Yes,No
NGH0418,Abuja,Maitama,Mini Flat,6,6,288,2016,189136224,Y,No,No
NGH0419,Abuja,Gwarinpa,Mini Flat,4,3,92,2012,35747796,no,No,Yes
NGH0420,Port Harcourt,GRA,Flat,3,2,108,2006,68681628,YES,No,No
NGH0421,Port Harcourt,Rumuola,Flat,1,1,41,1995,20662893,N,No,No
NGH0422,Abuja,Maitama,Duplex,2,1,92,2012,53363036,Y,No,Yes
NGH0423,Abuja,Maitama,Duplex,6,5,204,2023,82062468,no,Yes,No
NGH0424,Port Harcourt,GRA,Bungalow,4,4,88,2014,53933088,Y,Yes,No
NGH0425,Port Harcourt,Trans-Amadi,Duplex,4,4,192,2005,131957760,Y,Yes,Yes
NGH0426,Port Harcourt,Trans-Amadi,Mini Flat,6,6,204,2013,110002104,YES,Yes,Yes
NGH0427,Port Harcourt,Rumuola,Mini Flat,2,2,90,1996,48435570,NO,No,No
NGH0428,Lagos,Yaba,Flat,2,2,46,2011,15602556,yes,Yes,No
NGH0429,Port Harcourt,GRA,Flat,5,5,130,2009,"37,939,980",Y,No,No
NGH0430,Abuja,Gwarinpa,Duplex,5,5,150,2014,104128650,no,No,Yes
NGH0431,Port Harcourt,Rumuola,Duplex,2,2,66,2014,42656394,Y,No,Yes
NGH0432,Abuja,Wuse,Duplex,3,3,66,2011,45383514,YES,Yes,No
NGH0433,Lagos,Yaba,Bungalow,4,3,188,2023,57014384,Y,No,Yes
NGH0434,Lagos,Lekki,Bungalow,5,5,195,2000,"119,365,350",yes,No,Yes
NGH0435,Port Harcourt,Trans-Amadi,Mini Flat,1,1,22,2021,8546912,N,Yes,No
NGH0436,Abuja,Gwarinpa,Flat,2,1,50,2009,32259800,YES,No,No
NGH0437,Port Harcourt,GRA,Mini Flat,3,2,108,2019,64244340,,,
NGH0438,Lagos,Ikeja,Bungalow,4,3,136,2006,"72,186,488",N,Yes,No
NGH0439,Lagos,Lekki,Flat,3,2,141,2008,88522056,yes,No,Yes
NGH0440,Abuja,Maitama,Flat,1,1,40,2002,18215600,,,
NGH0441,Abuja,Wuse,Duplex,3,2,111,2014,46640202,NO,No,Yes
NGH0442,Port Harcourt,GRA,Flat,3,3,93,2015,60345003,N,No,Yes
NGH0443,Port Harcourt,Rumuola,Flat,4,3,88,2014,32772344,NO,Yes,No
NGH0444,Lagos,Yaba,Flat,1,1,33,2001,17281440,no,No,Yes
NGH0445,Port Harcourt,Trans-Amadi,Mini Flat,6,5,234,1998,121880304,yes,No,No
NGH0446,Lagos,Lekki,Bungalow,6,5,264,2022,100253736,YES,Yes,No
NGH0447,Lagos,Ikeja,Duplex,6,6,240,1996,"136,022,160",no,No,Yes
NGH0448,Abuja,Gwarinpa,Duplex,3,2,96,2011,33837216,NO,No,No
NGH0449,Port Harcourt,Rumuola,Bungalow,5,4,245,2012,145885985,Y,Yes,No
NGH0450,Lagos,Ikeja,Flat,6,5,180,2007,"123,282,720",NO,Yes,No
NGH0451,Lagos,Lekki,Flat,1,1,25,2003,13555775,yes,No,Yes
NGH0452,Port Harcourt,Trans-Amadi,Flat,3,2,114,2018,52026864,,,
NGH0453,Abuja,Maitama,Bungalow,1,1,44,2008,"18,463,764",yes,No,Yes
NGH0454,Port Harcourt,Trans-Amadi,Duplex,6,5,282,2014,"154,432,224",N,Yes,No
NGH0455,Port Harcourt,Rumuola,Bungalow,2,1,74,2022,27581280,no,Yes,Yes
NGH0456,Abuja,Gwarinpa,Duplex,2,2,40,2003,"17,043,040",yes,Yes,Yes
NGH0457,Lagos,Lekki,Bungalow,6,6,192,2014,58941120,NO,Yes,Yes
NGH0458,Port Harcourt,Trans-Amadi,Duplex,6,6,126,2000,"50,963,220",yes,No,Yes
NGH0459,Port Harcourt,Trans-Amadi,Flat,2,1,90,2012,33940620,YES,Yes,No
NGH0460,Abuja,Gwarinpa,Duplex,2,1,84,2006,48292608,YES,Yes,No
NGH0461,Abuja,Wuse,Flat,3,3,66,2021,42579306,yes,Yes,No
NGH0462,Lagos,Ajah,Flat,1,1,28,2001,10504200,no,Yes,Yes
NGH0463,Abuja,Gwarinpa,Bungalow,1,1,31,2002,19045129,NO,No,No
NGH0464,Abuja,Wuse,Bungalow,2,1,98,2014,"64,370,810",Y,No,Yes
NGH0465,Port Harcourt,Rumuola,Bungalow,3,3,78,2005,"33,324,330",yes,Yes,Yes
NGH0466,Abuja,Wuse,Bungalow,4,3,180,2016,81937620,no,No,No
NGH0467,Lagos,Ajah,Bungalow,3,3,84,2022,28986804,Y,Yes,Yes
NGH0468,Abuja,Wuse,Duplex,6,6,222,2016,71642730,N,Yes,Yes
NGH0469,Port Harcourt,Rumuola,Bungalow,4,4,176,2007,58640736,no,Yes,No
NGH0470,Port Harcourt,Rumuola,Mini Flat,2,2,84,2008,58446780,yes,No,Yes
NGH0471,Lagos,Lekki,Duplex,5,4,240,2017,123480000,Y,Yes,Yes
NGH0472,Port Harcourt,Trans-Amadi,Bungalow,3,2,111,2000,68543055,yes,No,Yes
NGH0473,Lagos,Lekki,Bungalow,3,2,72,2018,"37,084,608",no,Yes,No
NGH0474,Port Harcourt,GRA,Mini Flat,3,3,141,2004,73473690,Y,Yes,Yes
NGH0475,Port Harcourt,GRA,Flat,3,3,144,2016,43953120,no,Yes,Yes
NGH0476,Lagos,Lekki,Flat,1,1,31,2011,19359004,yes,No,No
NGH0477,Port Harcourt,GRA,Bungalow,2,2,86,2014,59436664,no,No,No
NGH0478,Lagos,Yaba,Bungalow,4,3,124,2014,75813972,no,No,No
NGH0479,Lagos,Ajah,Duplex,2,2,76,2003,24479524,yes,No,Yes
NGH0480,Lagos,Ajah,Bungalow,2,2,42,1998,"12,330,570",N,No,No
NGH0481,Port Harcourt,Rumuola,Bungalow,2,1,50,2001,32770850,Y,No,No
NGH0482,Port Harcourt,Rumuola,Bungalow,3,3,135,2016,45448020,NO,No,No
NGH0483,Lagos,Ikeja,Bungalow,4,4,128,2012,81746816,no,No,Yes
NGH0484,Port Harcourt,Rumuola,Duplex,5,5,100,1997,26997500,YES,Yes,Yes
NGH0485,Port Harcourt,GRA,Duplex,4,3,196,2017,128336292,N,Yes,Yes
NGH0486,Port Harcourt,Trans-Amadi,Mini Flat,4,3,132,1996,71977752,Y,No,Yes
NGH0487,Lagos,Yaba,Mini Flat,5,5,125,2007,"48,215,000",YES,No,No
NGH0488,Abuja,Gwarinpa,Bungalow,6,5,282,2023,98225394,yes,Yes,Yes
NGH0489,Abuja,Maitama,Bungalow,1,1,21,2001,11718777,Y,Yes,Yes
NGH0490,Abuja,Gwarinpa,Mini Flat,1,1,44,2019,25510892,Y,Yes,Yes
NGH0491,Port Harcourt,Rumuola,Mini Flat,3,3,72,1995,29015928,Y,Yes,No
NGH0492,Port Harcourt,Rumuola,Flat,4,3,92,2007,58318248,YES,Yes,Yes
NGH0493,Port Harcourt,GRA,Flat,3,2,66,2016,39225978,no,Yes,Yes
NGH0494,Abuja,Gwarinpa,Bungalow,2,2,58,2006,20964274,,,
NGH0495,Port Harcourt,Rumuola,Mini Flat,1,1,24,2014,"14,200,176",YES,Yes,Yes
NGH0496,Lagos,Ikeja,Duplex,4,4,176,2016,56607760,yes,Yes,No
NGH0497,Port Harcourt,GRA,Bungalow,4,4,120,1999,"51,954,960",no,Yes,Yes
NGH0498,Port Harcourt,Rumuola,Duplex,5,4,120,2011,57953280,NO,No,No
NGH0499,Lagos,Lekki,Bungalow,4,3,188,2009,75083628,YES,Yes,Yes
NGH0500,Lagos,Ikeja,Duplex,4,4,192,2014,127402176,,,
NGH0501,Abuja,Wuse,Duplex,6,5,168,1999,101354232,no,Yes,Yes
NGH0502,Lagos,Ikeja,Flat,2,2,40,2017,25770960,N,Yes,No
NGH0503,Lagos,Ikeja,Duplex,6,6,240,2021,"98,622,720",YES,Yes,Yes
NGH0504,Abuja,Wuse,Mini Flat,1,1,33,2006,12186009,yes,Yes,No
NGH0505,Port Harcourt,Rumuola,Mini Flat,4,4,148,2018,71742408,N,Yes,Yes
NGH0506,Lagos,Lekki,Bungalow,3,2,63,2019,37896831,Y,No,No
NGH0507,Lagos,Ikeja,Flat,5,5,130,2018,84481020,Y,Yes,Yes
NGH0508,Port Harcourt,Trans-Amadi,Flat,3,2,126,2006,"41,471,766",NO,No,No
NGH0509,Abuja,Maitama,Duplex,4,4,196,2007,125533884,yes,No,Yes
NGH0510,Port Harcourt,Rumuola,Flat,2,1,94,2017,"34,955,122",Y,No,No
NGH0511,Port Harcourt,Rumuola,Duplex,2,2,40,2017,16170720,YES,No,No
NGH0512,Lagos,Lekki,Bungalow,6,6,204,2016,101379432,yes,Yes,Yes
NGH0513,Abuja,Maitama,Mini Flat,2,2,84,2017,"33,318,516",no,Yes,No
NGH0514,Abuja,Gwarinpa,Duplex,3,2,147,2012,40957875,,,
NGH0515,Port Harcourt,Trans-Amadi,Duplex,1,1,27,2009,12907917,N,No,Yes
NGH0516,Abuja,Wuse,Bungalow,1,1,46,2002,31299504,yes,Yes,Yes
NGH0517,Lagos,Ikeja,Flat,6,5,120,1995,81012720,yes,No,No
NGH0518,Lagos,Ajah,Mini Flat,6,6,210,1999,"85,691,760",Y,No,No
NGH0519,Abuja,Wuse,Duplex,2,1,94,1996,33220446,yes,Yes,Yes
NGH0520,Lagos,Ikeja,Flat,6,6,168,1995,76348608,no,Yes,Yes
NGH0521,Lagos,Ikeja,Duplex,1,1,32,2003,11792512,yes,No,No
NGH0522,Port Harcourt,GRA,Flat,5,5,140,2005,93679460,,,
NGH0523,Port Harcourt,GRA,Bungalow,2,2,50,2008,15860150,,,
NGH0524,Port Harcourt,Rumuola,Bungalow,6,6,150,1996,87816150,yes,No,No
NGH0525,Port Harcourt,Trans-Amadi,Duplex,5,5,210,2013,56232120,no,No,Yes
NGH0526,Lagos,Yaba,Duplex,3,3,129,2016,47103318,no,Yes,Yes
NGH0527,Lagos,Lekki,Flat,1,1,34,1995,9442582,NO,No,Yes
NGH0528,Abuja,Wuse,Mini Flat,2,2,68,2015,"31,197,448",,,
NGH0529,Port Harcourt,GRA,Duplex,4,4,176,1995,"68,639,824",no,No,Yes
NGH0530,Port Harcourt,Rumuola,Duplex,1,1,31,2000,17843383,N,Yes,No
NGH0531,Lagos,Ikeja,Duplex,3,3,81,2008,43552161,Y,Yes,Yes
NGH0532,Port Harcourt,Rumuola,Flat,6,6,132,2015,62706468,no,No,No
NGH0533,Lagos,Ikeja,Mini Flat,2,1,94,2015,41905576,YES,No,Yes
NGH0534,Port Harcourt,Rumuola,Mini Flat,2,2,62,1999,20577118,yes,No,Yes
NGH0535,Abuja,Wuse,Duplex,5,5,155,1998,90816670,N,Yes,Yes
NGH0536,Lagos,Yaba,Bungalow,6,5,222,2006,"131,170,476",YES,Yes,Yes
NGH0537,Port Harcourt,Trans-Amadi,Duplex,3,3,120,2017,69150000,Y,Yes,Yes
NGH0538,Port Harcourt,Trans-Amadi,Mini Flat,5,4,170,2019,"64,396,510",Y,No,Yes
NGH0539,Lagos,Lekki,Bungalow,3,3,102,1998,"50,581,800",no,Yes,Yes
NGH0540,Port Harcourt,Rumuola,Duplex,6,6,126,2008,48772584,N,No,No
NGH0541,Abuja,Maitama,Bungalow,4,3,160,2014,75796000,N,No,Yes
NGH0542,Lagos,Lekki,Duplex,3,3,102,2022,68771052,no,No,No
NGH0543,Lagos,Ajah,Duplex,2,1,98,2012,25704322,,,
NGH0544,Abuja,Maitama,Mini Flat,1,1,23,2020,11669464,,,
NGH0545,Abuja,Wuse,Mini Flat,6,6,156,2006,67046460,Y,No,Yes
NGH0546,Abuja,Maitama,Duplex,5,5,130,2018,72866560,no,Yes,No
NGH0547,Port Harcourt,GRA,Bungalow,2,2,58,2018,23529614,N,No,Yes
NGH0548,Abuja,Wuse,Duplex,4,3,164,2001,93698612,NO,Yes,Yes
NGH0549,Abuja,Maitama,Bungalow,1,1,43,2007,28246227,,,
NGH0550,Port Harcourt,GRA,Flat,3,3,126,2016,84027510,,,
NGH0551,Port Harcourt,Trans-Amadi,Duplex,5,4,235,2003,101830435,no,No,No
NGH0552,Abuja,Gwarinpa,Bungalow,1,1,29,2018,"9,458,437",NO,No,No
NGH0553,Lagos,Ajah,Duplex,1,1,29,2002,"13,134,187",Y,No,Yes
NGH0554,Lagos,Yaba,Bungalow,1,1,46,1999,23067114,YES,No,Yes
NGH0555,Lagos,Ajah,Flat,2,1,76,1998,29510724,yes,No,Yes
NGH0556,Lagos,Yaba,Duplex,2,2,74,2013,"43,934,910",no,Yes,No
NGH0557,Lagos,Ikeja,Bungalow,2,2,84,2012,31714704,no,No,Yes
NGH0558,Port Harcourt,GRA,Mini Flat,1,1,31,1996,16403898,Y,No,Yes
NGH0559,Abuja,Wuse,Mini Flat,5,5,205,2010,65269540,no,Yes,No
NGH0560,Port Harcourt,GRA,Mini Flat,3,2,78,2005,"24,023,454",Y,Yes,No
NGH0561,Lagos,Yaba,Mini Flat,1,1,32,2023,16626080,YES,No,Yes
NGH0562,Lagos,Lekki,Bungalow,1,1,22,2001,12699544,no,Yes,Yes
NGH0563,Abuja,Maitama,Flat,2,2,58,2016,31555132,YES,Yes,No
NGH0564,Lagos,Ajah,Flat,1,1,30,2001,10795410,NO,No,Yes
NGH0565,Port Harcourt,Rumuola,Bungalow,4,3,152,1998,100447832,no,Yes,Yes
NGH0566,Port Harcourt,Trans-Amadi,Flat,6,5,156,2007,88357932,N,Yes,Yes
NGH0567,Abuja,Maitama,Mini Flat,4,3,96,1995,43627296,N,Yes,Yes
NGH0568,Port Harcourt,Rumuola,Flat,3,3,81,1995,52919082,NO,Yes,No
NGH0569,Lagos,Ikeja,Mini Flat,6,6,156,1998,57172752,Y,No,No
NGH0570,Abuja,Maitama,Flat,1,1,21,2022,10980900,yes,No,No
NGH0571,Port Harcourt,GRA,Mini Flat,4,4,160,2002,90990880,,,
NGH0572,Abuja,Wuse,Mini Flat,2,2,82,2006,45695074,no,Yes,No
NGH0573,Lagos,Ajah,Duplex,3,2,75,1996,37578825,N,No,Yes
NGH0574,Port Harcourt,GRA,Flat,2,1,72,1997,"36,457,416",yes,No,Yes
NGH0575,Abuja,Wuse,Mini Flat,6,5,162,2016,68998230,NO,No,Yes
NGH0576,Lagos,Ajah,Mini Flat,2,1,48,2007,26915904,Y,No,Yes
NGH0577,Lagos,Ikeja,Duplex,1,1,35,2004,21030695,no,No,No
NGH0578,Lagos,Lekki,Bungalow,1,1,35,2006,"14,364,000",N,No,No
NGH0579,Port Harcourt,GRA,Bungalow,4,3,156,1997,75044580,,,
NGH0580,Abuja,Maitama,Flat,6,6,252,2022,110122488,N,No,Yes
NGH0581,Port Harcourt,GRA,Duplex,6,6,234,2002,103845222,NO,Yes,No
NGH0582,Lagos,Ikeja,Mini Flat,4,4,176,2015,69426192,no,No,Yes
NGH0583,Port Harcourt,Trans-Amadi,Mini Flat,6,5,222,2002,75896916,YES,Yes,Yes
NGH0584,Port Harcourt,Trans-Amadi,Duplex,1,1,35,2006,15614655,Y,No,No
NGH0585,Lagos,Ikeja,Bungalow,4,3,192,2008,126600768,,,
NGH0586,Port Harcourt,Rumuola,Duplex,1,1,37,2007,13855797,Y,No,Yes
NGH0587,Lagos,Lekki,Flat,1,1,21,2021,9007656,no,Yes,Yes
NGH0588,Abuja,Wuse,Mini Flat,1,1,30,1997,8642010,YES,No,No
NGH0589,Lagos,Ikeja,Mini Flat,6,6,270,1998,120433230,Y,Yes,Yes
NGH0590,Abuja,Wuse,Bungalow,6,6,246,2005,"64,053,972",,,
NGH0591,Lagos,Ajah,Bungalow,6,5,144,2014,44917776,,,
NGH0592,Abuja,Maitama,Mini Flat,4,4,144,2004,72961488,N,Yes,Yes
NGH0593,Lagos,Lekki,Mini Flat,2,2,44,2018,12981452,N,Yes,No
NGH0594,Abuja,Gwarinpa,Duplex,6,5,150,1997,"81,584,100",N,No,No
NGH0595,Abuja,Wuse,Mini Flat,4,3,112,2009,40546240,no,No,Yes
NGH0596,Lagos,Lekki,Duplex,3,2,138,1996,95957748,Y,Yes,No
NGH0597,Abuja,Wuse,Duplex,2,1,78,2012,53984658,NO,Yes,No
NGH0598,Port Harcourt,Trans-Amadi,Bungalow,2,2,42,2019,24211026,Y,Yes,Yes
NGH0599,Port Harcourt,GRA,Duplex,1,1,33,1995,"15,586,461",NO,No,No
NGH0600,Port Harcourt,Trans-Amadi,Mini Flat,6,5,288,2014,75207744,no,No,No
NGH0601,Abuja,Gwarinpa,Bungalow,3,3,75,2019,"33,928,500",YES,Yes,Yes
NGH0602,Abuja,Gwarinpa,Duplex,5,4,135,2015,65679255,,,
NGH0603,Abuja,Wuse,Mini Flat,4,4,136,1998,39454688,yes,Yes,No
NGH0604,Port Harcourt,Rumuola,Mini Flat,4,3,188,2007,85604296,yes,No,No
NGH0605,Abuja,Maitama,Duplex,6,5,222,2023,125927946,,,
NGH0606,Abuja,Wuse,Flat,6,5,288,2005,172342944,YES,No,No
NGH0607,Lagos,Yaba,Mini Flat,2,1,84,2013,46373544,yes,Yes,No
NGH0608,Abuja,Wuse,Flat,5,5,105,2004,64778280,Y,Yes,No
NGH0609,Port Harcourt,GRA,Mini Flat,2,1,60,2012,25644240,NO,Yes,No
NGH0610,Lagos,Lekki,Flat,1,1,38,2003,15612908,N,Yes,Yes
NGH0611,Abuja,Gwarinpa,Duplex,5,5,235,2008,153288150,yes,Yes,No
NGH0612,Port Harcourt,GRA,Duplex,4,4,92,1998,28043716,Y,Yes,No
NGH0613,Port Harcourt,GRA,Mini Flat,1,1,26,2022,17809870,NO,No,Yes
NGH0614,Lagos,Lekki,Mini Flat,5,4,115,2022,57392130,yes,Yes,Yes
NGH0615,Port Harcourt,Rumuola,Mini Flat,2,2,48,2014,"14,737,056",NO,No,Yes
NGH0616,Abuja,Wuse,Mini Flat,6,5,288,1997,175368384,NO,Yes,No
NGH0617,Abuja,Wuse,Bungalow,3,2,123,2008,34584402,YES,No,Yes
NGH0618,Abuja,Maitama,Flat,5,5,205,1999,90819305,,,
NGH0619,Lagos,Ikeja,Duplex,2,1,92,2015,33762252,yes,Yes,Yes
NGH0620,Port Harcourt,Trans-Amadi,Bungalow,6,6,240,2004,128679840,yes,Yes,No
NGH0621,Lagos,Ikeja,Flat,2,1,52,1999,16142256,N,Yes,Yes
NGH0622,Port Harcourt,GRA,Mini Flat,5,4,185,2007,80956740,,,
NGH0623,Port Harcourt,GRA,Mini Flat,5,4,120,2007,45809160,no,Yes,Yes
NGH0624,Lagos,Lekki,Bungalow,4,4,88,2011,57538800,yes,Yes,No
NGH0625,Port Harcourt,Rumuola,Flat,5,4,210,2015,126425250,YES,Yes,Yes
NGH0626,Port Harcourt,GRA,Duplex,6,5,126,2014,"69,253,506",N,No,No
NGH0627,Port Harcourt,Trans-Amadi,Flat,4,3,108,1997,42673824,,,
NGH0628,Lagos,Ajah,Mini Flat,5,4,240,2000,121572720,no,Yes,No
NGH0629,Abuja,Maitama,Flat,5,4,160,2011,48536320,no,No,No
NGH0630,Abuja,Wuse,Duplex,1,1,28,2003,9928128,no,No,Yes
NGH0631,Port Harcourt,Rumuola,Duplex,2,1,70,2023,38795680,yes,Yes,Yes
NGH0632,Abuja,Gwarinpa,Duplex,2,1,90,2022,38925270,YES,Yes,No
NGH0633,Port Harcourt,Rumuola,Duplex,5,4,150,2017,71104950,Y,No,Yes
NGH0634,Port Harcourt,Trans-Amadi,Bungalow,3,2,81,2011,34854462,yes,No,No
NGH0635,Abuja,Gwarinpa,Flat,1,1,42,2018,12872664,YES,Yes,No
NGH0636,Port Harcourt,Trans-Amadi,Bungalow,3,3,93,1995,37542798,NO,Yes,No
NGH0637,Port Harcourt,Trans-Amadi,Bungalow,5,4,160,2002,91690240,,,
NGH0638,Port Harcourt,Rumuola,Flat,3,3,96,2013,61001376,NO,No,No
NGH0639,Lagos,Ikeja,Duplex,3,2,108,1999,"42,941,124",YES,No,Yes
NGH0640,Abuja,Maitama,Bungalow,5,4,225,2008,"67,129,875",no,Yes,Yes
NGH0641,Lagos,Yaba,Bungalow,3,2,102,2013,38293452,yes,Yes,Yes
NGH0642,Port Harcourt,GRA,Bungalow,4,4,120,2020,33594720,no,Yes,Yes
NGH0643,Lagos,Ikeja,Mini Flat,5,4,205,2002,79234755,Y,No,Yes
NGH0644,Port Harcourt,Rumuola,Flat,2,1,68,2010,42291308,YES,Yes,Yes
NGH0645,Port Harcourt,GRA,Mini Flat,1,1,27,2002,"10,203,192",yes,Yes,Yes
NGH0646,Port Harcourt,Trans-Amadi,Duplex,1,1,34,2012,16052964,Y,No,Yes
NGH0647,Port Harcourt,Trans-Amadi,Bungalow,1,1,49,1998,32800845,NO,No,Yes
NGH0648,Port Harcourt,Rumuola,Duplex,1,1,44,2020,"26,327,356",N,Yes,Yes
NGH0649,Lagos,Ikeja,Bungalow,2,1,80,1998,53475440,YES,No,No
NGH0650,Port Harcourt,GRA,Duplex,3,2,63,2016,30249828,no,Yes,Yes
NGH0651,Lagos,Yaba,Bungalow,5,4,175,2022,60454975,YES,No,No
NGH0652,Port Harcourt,GRA,Mini Flat,3,2,102,2011,34627878,Y,No,Yes
NGH0653,Port Harcourt,Trans-Amadi,Mini Flat,1,1,27,2021,11749455,,,
NGH0654,Port Harcourt,GRA,Mini Flat,4,3,176,2012,106496368,N,No,Yes
NGH0655,Abuja,Gwarinpa,Duplex,4,3,156,2015,"91,901,940",Y,No,No
NGH0656,Port Harcourt,GRA,Duplex,3,2,108,2018,35401752,NO,Yes,No
NGH0657,Lagos,Lekki,Bungalow,2,1,98,2017,57664768,yes,No,No
NGH0658,Lagos,Ikeja,Mini Flat,4,4,136,2012,83319584,yes,Yes,No
NGH0659,Lagos,Ajah,Bungalow,5,4,200,2002,69721000,no,Yes,No
NGH0660,Port Harcourt,GRA,Flat,6,6,252,2006,"90,280,260",YES,No,Yes
NGH0661,Abuja,Wuse,Flat,3,2,123,2016,57480606,,,
NGH0662,Port Harcourt,Trans-Amadi,Mini Flat,1,1,47,2023,20209060,N,Yes,Yes
NGH0663,Abuja,Maitama,Mini Flat,2,1,96,2015,35447616,,,
NGH0664,Abuja,Maitama,Bungalow,4,4,148,2009,63278584,N,Yes,No
NGH0665,Abuja,Wuse,Duplex,4,4,164,2005,45435216,Y,Yes,Yes
NGH0666,Abuja,Wuse,Flat,5,5,215,1997,112023170,Y,No,No
NGH0667,Lagos,Ikeja,Bungalow,6,6,252,2023,70490700,Y,Yes,Yes
NGH0668,Port Harcourt,Trans-Amadi,Bungalow,4,4,176,1999,72314528,YES,Yes,Yes
NGH0669,Lagos,Lekki,Flat,2,1,70,2002,46611040,N,No,No
NGH0670,Abuja,Maitama,Flat,4,4,88,1995,48481928,NO,No,Yes
NGH0671,Lagos,Ikeja,Mini Flat,3,2,87,1996,42728310,NO,No,Yes
NGH0672,Abuja,Maitama,Duplex,1,1,40,2008,"13,204,080",Y,No,No
NGH0673,Port Harcourt,Trans-Amadi,Flat,3,3,63,2003,20014785,Y,Yes,Yes
NGH0674,Port Harcourt,GRA,Duplex,5,5,195,1998,134728815,YES,Yes,No
NGH0675,Lagos,Ajah,Mini Flat,2,1,90,2016,37523070,N,Yes,Yes
NGH0676,Port Harcourt,Trans-Amadi,Bungalow,1,1,33,2019,17556561,yes,No,Yes
NGH0677,Lagos,Yaba,Flat,5,5,195,2005,81475485,yes,No,Yes
NGH0678,Abuja,Gwarinpa,Bungalow,3,3,126,2000,"66,053,106",YES,Yes,Yes
NGH0679,Lagos,Ajah,Duplex,3,3,135,1998,35045460,,,
NGH0680,Abuja,Maitama,Flat,4,3,116,2018,51924036,,,
NGH0681,Abuja,Wuse,Flat,3,2,72,2000,25480224,N,Yes,Yes
NGH0682,Lagos,Lekki,Flat,6,5,156,2015,51491388,Y,Yes,No
NGH0683,Abuja,Maitama,Bungalow,6,5,138,2022,39171024,NO,No,No
NGH0684,Lagos,Lekki,Duplex,5,4,180,2017,"57,257,820",N,Yes,Yes
NGH0685,Abuja,Wuse,Bungalow,5,4,110,2018,32875480,YES,Yes,No
NGH0686,Abuja,Maitama,Duplex,2,2,78,1998,"42,811,938",N,Yes,Yes
NGH0687,Abuja,Gwarinpa,Flat,6,5,126,2012,82837692,NO,Yes,Yes
NGH0688,Abuja,Maitama,Duplex,4,3,152,2011,48476752,,,
NGH0689,Port Harcourt,Trans-Amadi,Duplex,6,6,246,2018,71854632,N,Yes,Yes
NGH0690,Lagos,Yaba,Bungalow,4,3,180,2000,47417040,N,Yes,No
NGH0691,Port Harcourt,Rumuola,Mini Flat,4,3,152,2010,70323104,yes,No,No
NGH0692,Port Harcourt,GRA,Mini Flat,4,3,168,2011,"84,866,544",yes,Yes,Yes
NGH0693,Lagos,Yaba,Bungalow,1,1,39,2011,900000000,,,
NGH0694,Lagos,Lekki,Mini Flat,4,4,136,2005,89678400,YES,Yes,No
NGH0695,Port Harcourt,Trans-Amadi,Duplex,4,3,128,1995,88124032,N,Yes,Yes
NGH0696,Lagos,Lekki,Flat,4,3,140,2009,65100280,YES,No,Yes
NGH0697,Abuja,Gwarinpa,Mini Flat,6,6,198,2022,86821020,NO,Yes,Yes
NGH0698,Lagos,Ajah,Duplex,1,1,35,1999,12960920,yes,No,No
NGH0699,Port Harcourt,GRA,Flat,4,4,116,2012,34434600,N,No,No
NGH0700,Port Harcourt,GRA,Mini Flat,5,5,180,2016,74987460,NO,Yes,No
NGH0701,Lagos,Lekki,Mini Flat,1,1,32,2013,8745088,NO,Yes,Yes
NGH0702,Port Harcourt,Trans-Amadi,Mini Flat,3,2,66,2008,38458002,no,No,No
NGH0703,Abuja,Maitama,Mini Flat,3,3,144,1999,"79,935,408",no,No,Yes
NGH0704,Port Harcourt,GRA,Bungalow,1,1,29,1999,18010247,YES,No,Yes
NGH0705,Lagos,Lekki,Duplex,6,5,138,2001,96576540,N,Yes,Yes
NGH0706,Abuja,Wuse,Bungalow,2,2,40,2018,12756800,yes,No,Yes
NGH0707,Abuja,Gwarinpa,Mini Flat,4,3,112,2016,29911728,NO,No,Yes
NGH0708,Port Harcourt,Rumuola,Bungalow,4,3,188,2019,73091016,no,No,Yes
NGH0709,Port Harcourt,Rumuola,Duplex,4,3,176,1998,117298368,N,Yes,No
NGH0710,Lagos,Lekki,Flat,6,5,186,2004,"112,477,362",YES,No,Yes
NGH0711,Lagos,Ajah,Bungalow,6,5,156,1997,105761448,YES,No,No
NGH0712,Lagos,Ikeja,Bungalow,4,3,172,2004,"116,238,804",no,Yes,Yes
NGH0713,Lagos,Ikeja,Flat,6,6,174,2019,117656712,no,No,No
NGH0714,Port Harcourt,GRA,Duplex,6,5,168,2007,"86,938,488",YES,Yes,No
NGH0715,Lagos,Ajah,Mini Flat,3,2,111,2020,76949862,,,
NGH0716,Abuja,Maitama,Mini Flat,1,1,23,2012,14132304,NO,Yes,Yes
NGH0717,Abuja,Gwarinpa,Bungalow,3,3,75,2009,49312875,yes,No,No
NGH0718,Port Harcourt,Trans-Amadi,Flat,3,2,129,2009,63017919,YES,Yes,No
NGH0719,Abuja,Maitama,Mini Flat,5,4,225,2006,"81,334,575",yes,No,No
NGH0720,Abuja,Gwarinpa,Flat,6,6,144,2020,72277056,NO,No,Yes
NGH0721,Port Harcourt,GRA,Flat,2,2,44,2017,29820428,yes,No,Yes
NGH0722,Port Harcourt,Rumuola,Bungalow,5,4,180,2013,"108,007,200",YES,No,No
NGH0723,Port Harcourt,GRA,Bungalow,5,4,155,2019,60087300,YES,No,No
NGH0724,Port Harcourt,GRA,Duplex,1,1,37,2015,24696575,yes,Yes,No
NGH0725,Port Harcourt,Rumuola,Duplex,2,2,52,2016,27642680,yes,No,Yes
NGH0726,Abuja,Wuse,Flat,1,1,43,2023,16709499,no,No,Yes
NGH0727,Port Harcourt,Trans-Amadi,Mini Flat,4,3,120,2003,68143440,no,Yes,Yes
NGH0728,Abuja,Gwarinpa,Bungalow,6,6,216,1996,109946808,NO,No,Yes
NGH0729,Abuja,Gwarinpa,Mini Flat,6,5,126,1995,54056142,N,Yes,Yes
NGH0730,Abuja,Wuse,Duplex,5,5,105,2016,37975560,NO,No,No
NGH0731,Abuja,Gwarinpa,Bungalow,2,1,42,2010,14536662,no,No,Yes
NGH0732,Port Harcourt,Trans-Amadi,Bungalow,3,3,78,2016,39673530,Y,Yes,No
NGH0733,Lagos,Lekki,Flat,6,5,276,2004,109866216,yes,No,No
NGH0734,Abuja,Wuse,Flat,3,3,108,2001,57332016,N,No,Yes
NGH0735,Lagos,Ikeja,Flat,4,3,92,2008,"54,358,292",no,No,Yes
NGH0736,Port Harcourt,GRA,Duplex,6,6,258,2002,89388744,Y,No,No
NGH0737,Port Harcourt,GRA,Duplex,6,5,282,2008,102813252,N,Yes,Yes
NGH0738,Abuja,Wuse,Duplex,5,5,135,2020,56839455,,,
NGH0739,Lagos,Yaba,Mini Flat,1,1,21,2019,8470035,Y,Yes,Yes
NGH0740,Port Harcourt,Rumuola,Mini Flat,6,6,162,2006,44330976,no,No,Yes
NGH0741,Abuja,Wuse,Bungalow,2,1,44,2000,18903940,,,
NGH0742,Port Harcourt,GRA,Mini Flat,1,1,37,2005,25007338,,,
NGH0743,Port Harcourt,GRA,Bungalow,5,5,150,2018,"87,613,650",Y,Yes,Yes
NGH0744,Lagos,Ikeja,Mini Flat,2,1,86,2022,24358898,N,Yes,No
NGH0745,Abuja,Maitama,Duplex,1,1,24,2015,"15,610,920",N,Yes,Yes
NGH0746,Port Harcourt,GRA,Duplex,1,1,34,2010,18704590,YES,No,No
NGH0747,Abuja,Wuse,Duplex,2,1,94,2014,"56,173,366",no,Yes,No
NGH0748,Lagos,Ajah,Flat,4,3,104,2010,26679120,N,Yes,Yes
NGH0749,Port Harcourt,Trans-Amadi,Mini Flat,5,5,230,2012,88083100,NO,No,Yes
NGH0750,Lagos,Ikeja,Flat,6,6,282,1995,141245340,no,No,No
NGH0751,Port Harcourt,Rumuola,Bungalow,5,4,235,2010,63467390,NO,No,Yes
NGH0752,Port Harcourt,Trans-Amadi,Duplex,5,4,245,2000,171224865,no,No,No
NGH0753,Abuja,Maitama,Flat,6,6,168,2006,99595272,N,No,Yes
NGH0754,Lagos,Lekki,Duplex,1,1,32,2017,18076800,,,
NGH0755,Abuja,Gwarinpa,Duplex,6,6,126,1998,35745066,YES,No,No
NGH0756,Abuja,Maitama,Mini Flat,6,5,276,2017,146897964,yes,No,No
NGH0757,Lagos,Ajah,Flat,3,3,132,1997,"64,675,776",N,Yes,No
NGH0758,Lagos,Lekki,Duplex,4,4,156,1996,"63,225,084",N,Yes,Yes
NGH0759,Abuja,Gwarinpa,Flat,6,5,144,1997,57039552,Y,Yes,Yes
NGH0760,Port Harcourt,Rumuola,Duplex,4,4,112,2014,38714480,no,Yes,Yes
NGH0761,Lagos,Ikeja,Duplex,6,6,282,2006,104969424,NO,No,Yes
NGH0762,Port Harcourt,Rumuola,Mini Flat,3,2,102,2006,41569794,,,
NGH0763,Abuja,Gwarinpa,Flat,1,1,43,1996,18365687,NO,No,No
NGH0764,Lagos,Ajah,Flat,3,2,141,2020,82028019,YES,Yes,Yes
NGH0765,Port Harcourt,GRA,Mini Flat,5,4,215,2020,101345195,,,
NGH0766,Abuja,Maitama,Flat,1,1,22,2014,13667126,YES,No,Yes
NGH0767,Port Harcourt,Trans-Amadi,Bungalow,1,1,34,2012,900000000,no,No,No
NGH0768,Port Harcourt,Rumuola,Mini Flat,3,3,126,2010,86318946,no,No,No
NGH0769,Port Harcourt,Rumuola,Mini Flat,6,6,144,2006,95223456,YES,Yes,No
NGH0770,Abuja,Maitama,Duplex,6,6,276,1997,"121,202,364",NO,No,No
NGH0771,Abuja,Wuse,Flat,5,4,105,1996,71459010,YES,Yes,No
NGH0772,Abuja,Maitama,Duplex,4,4,104,2000,36883392,YES,No,Yes
NGH0773,Abuja,Gwarinpa,Mini Flat,4,3,80,2002,33413600,Y,No,No
NGH0774,Lagos,Ikeja,Duplex,3,2,135,2019,77681970,NO,Yes,Yes
NGH0775,Abuja,Gwarinpa,Bungalow,6,6,240,1997,156658560,NO,Yes,No
NGH0776,Abuja,Maitama,Mini Flat,5,5,165,2014,92552625,Y,Yes,No
NGH0777,Lagos,Ajah,Flat,4,3,144,2001,"50,212,224",NO,No,No
NGH0778,Abuja,Wuse,Mini Flat,3,2,96,2009,37586016,Y,No,No
NGH0779,Port Harcourt,GRA,Bungalow,3,3,75,2021,40116750,no,No,Yes
NGH0780,Lagos,Lekki,Duplex,3,3,63,2018,24171147,Y,No,Yes
NGH0781,Lagos,Yaba,Flat,6,5,240,2002,126523440,no,No,Yes
NGH0782,Lagos,Yaba,Duplex,3,3,147,2008,78520638,yes,Yes,Yes
NGH0783,Abuja,Wuse,Flat,4,4,176,2002,71184080,N,No,No
NGH0784,Abuja,Gwarinpa,Bungalow,6,5,150,2017,45586350,NO,Yes,Yes
NGH0785,Port Harcourt,Rumuola,Duplex,1,1,33,2013,16137561,N,No,No
NGH0786,Port Harcourt,GRA,Bungalow,3,3,141,2014,"60,563,166",no,No,Yes
NGH0787,Port Harcourt,Trans-Amadi,Bungalow,6,6,168,2021,88383288,no,No,Yes
NGH0788,Lagos,Lekki,Flat,1,1,38,2009,11639666,,,
NGH0789,Port Harcourt,GRA,Bungalow,6,5,150,2015,69112200,N,No,Yes
NGH0790,Lagos,Yaba,Bungalow,4,3,144,2003,82347120,NO,No,Yes
NGH0791,Port Harcourt,Trans-Amadi,Flat,1,1,39,2019,21796203,Y,No,No
NGH0792,Abuja,Wuse,Duplex,3,3,66,2003,22604538,YES,No,Yes
NGH0793,Lagos,Yaba,Flat,6,6,138,2021,71815614,Y,No,No
NGH0794,Lagos,Ajah,Bungalow,4,3,84,2003,51933168,yes,No,Yes
NGH0795,Lagos,Lekki,Flat,6,5,168,2018,"61,804,848",NO,No,Yes
NGH0796,Lagos,Ajah,Bungalow,5,4,180,2010,46779300,YES,No,No
NGH0797,Abuja,Gwarinpa,Duplex,4,4,120,2008,72977040,NO,No,Yes
NGH0798,Lagos,Ajah,Bungalow,5,5,175,2014,51607500,Y,No,No
NGH0799,Abuja,Gwarinpa,Mini Flat,3,2,60,2015,39035040,Y,No,Yes
NGH0800,Abuja,Wuse,Duplex,5,5,115,1997,"59,950,880",Y,No,No
NGH0801,Lagos,Lekki,Bungalow,2,1,40,2002,11286960,NO,Yes,Yes
NGH0802,Port Harcourt,Rumuola,Flat,4,3,124,2008,71447560,N,Yes,No
NGH0803,Port Harcourt,GRA,Duplex,1,1,45,2014,15240060,YES,Yes,No
NGH0804,Abuja,Gwarinpa,Duplex,6,5,240,2013,117393840,N,Yes,Yes
NGH0805,Port Harcourt,Trans-Amadi,Flat,4,4,192,2013,53530176,YES,No,Yes
NGH0806,Abuja,Gwarinpa,Mini Flat,4,3,92,2016,25833140,yes,No,No
NGH0807,Port Harcourt,Trans-Amadi,Bungalow,5,5,205,2006,131898845,no,Yes,No
NGH0808,Port Harcourt,GRA,Flat,2,2,84,2003,35601216,YES,No,Yes
NGH0809,Lagos,Lekki,Bungalow,6,5,246,2019,100265664,NO,Yes,Yes
NGH0810,Port Harcourt,Rumuola,Duplex,5,4,125,2020,48181250,YES,Yes,No
NGH0811,Port Harcourt,Rumuola,Flat,3,2,87,1995,"31,409,784",NO,No,Yes
NGH0812,Lagos,Ajah,Bungalow,5,5,180,1997,85810860,,,
NGH0813,Abuja,Maitama,Flat,6,6,210,2007,"93,321,270",NO,No,No
NGH0814,Port Harcourt,GRA,Flat,1,1,48,2000,14066688,Y,Yes,No
NGH0815,Abuja,Gwarinpa,Flat,6,6,294,2002,200106396,YES,No,Yes
NGH0816,Lagos,Ajah,Flat,4,3,80,2020,48654560,N,No,Yes
NGH0817,Port Harcourt,Trans-Amadi,Bungalow,5,5,180,2004,"69,579,720",NO,No,Yes
NGH0818,Abuja,Gwarinpa,Mini Flat,6,5,168,2003,64937880,Y,No,No
NGH0819,Port Harcourt,GRA,Bungalow,5,5,140,2011,"76,407,380",Y,No,No
NGH0820,Abuja,Wuse,Flat,5,5,230,2001,129139940,N,Yes,Yes
NGH0821,Abuja,Gwarinpa,Bungalow,1,1,32,2005,15388576,,,
NGH0822,Abuja,Wuse,Duplex,3,3,96,2008,41649792,YES,Yes,Yes
NGH0823,Lagos,Yaba,Flat,1,1,31,2013,"9,125,253",yes,No,Yes
NGH0824,Lagos,Yaba,Duplex,5,5,160,2006,72511360,NO,No,No
NGH0825,Abuja,Wuse,Mini Flat,1,1,45,2001,"21,616,335",yes,No,Yes
NGH0826,Lagos,Ajah,Bungalow,2,2,54,2019,24826716,NO,No,No
NGH0827,Abuja,Maitama,Bungalow,6,6,294,2007,170051364,,,
NGH0828,Lagos,Yaba,Duplex,1,1,39,2012,26908167,no,Yes,Yes
NGH0829,Port Harcourt,Trans-Amadi,Flat,2,1,98,1995,49650524,YES,No,Yes
NGH0830,Abuja,Maitama,Mini Flat,4,3,96,2013,27316032,NO,Yes,Yes
NGH0831,Port Harcourt,GRA,Flat,4,3,156,2011,95823936,yes,No,Yes
NGH0832,Port Harcourt,GRA,Mini Flat,4,3,152,2009,99953984,NO,Yes,Yes
NGH0833,Lagos,Ajah,Duplex,2,2,96,2003,60195168,Y,No,Yes
NGH0834,Abuja,Maitama,Mini Flat,2,2,60,2007,35206860,Y,Yes,No
NGH0835,Abuja,Gwarinpa,Bungalow,2,2,82,2003,29179536,YES,No,No
NGH0836,Port Harcourt,GRA,Duplex,4,4,156,2000,89263512,yes,No,No
NGH0837,Lagos,Ikeja,Duplex,5,4,240,2000,99414240,yes,No,Yes
NGH0838,Lagos,Yaba,Duplex,6,5,126,2011,62970768,,,
NGH0839,Lagos,Ajah,Mini Flat,6,5,132,2005,"54,871,872",Y,No,No
NGH0840,Lagos,Ikeja,Flat,5,5,225,1999,132099300,YES,No,No
NGH0841,Abuja,Maitama,Duplex,6,6,264,2017,148559928,yes,Yes,Yes
NGH0842,Port Harcourt,GRA,Mini Flat,1,1,47,2015,18733542,no,Yes,No
NGH0843,Abuja,Maitama,Bungalow,2,1,44,2007,21185824,YES,Yes,Yes
NGH0844,Abuja,Wuse,Duplex,5,4,225,2022,"136,280,475",N,Yes,Yes
NGH0845,Lagos,Ajah,Mini Flat,2,1,44,1997,14476132,yes,Yes,No
NGH0846,Lagos,Lekki,Mini Flat,4,4,112,2017,37215248,N,No,Yes
NGH0847,Lagos,Lekki,Bungalow,3,2,135,2021,78140835,Y,Yes,No
NGH0848,Lagos,Lekki,Bungalow,4,3,80,2018,34144480,Y,No,No
NGH0849,Abuja,Maitama,Flat,2,1,94,1999,29967482,NO,Yes,Yes
NGH0850,Abuja,Maitama,Mini Flat,5,4,100,1995,42525100,YES,Yes,Yes
NGH0851,Abuja,Wuse,Mini Flat,3,3,87,2022,23254839,Y,Yes,Yes
NGH0852,Abuja,Gwarinpa,Bungalow,4,4,120,2009,59179920,yes,Yes,No
NGH0853,Port Harcourt,Rumuola,Duplex,3,2,90,2011,47093760,N,Yes,No
NGH0854,Abuja,Maitama,Bungalow,6,5,144,2002,92756880,NO,Yes,No
NGH0855,Port Harcourt,Trans-Amadi,Flat,4,3,124,2000,42784960,Y,No,Yes
NGH0856,Lagos,Yaba,Duplex,4,4,128,2012,83236480,YES,No,Yes
NGH0857,Abuja,Wuse,Duplex,3,3,90,2007,42383790,no,Yes,Yes
NGH0858,Abuja,Gwarinpa,Mini Flat,2,2,66,2016,"44,909,172",YES,No,No
NGH0859,Lagos,Yaba,Mini Flat,3,2,114,2012,75457626,no,Yes,Yes
NGH0860,Port Harcourt,GRA,Mini Flat,3,3,102,2015,51876078,,,
NGH0861,Port Harcourt,GRA,Duplex,2,2,90,2023,"36,281,160",NO,Yes,No
NGH0862,Abuja,Wuse,Bungalow,2,1,48,1997,32205600,no,No,Yes
NGH0863,Port Harcourt,GRA,Flat,6,5,222,2022,144202320,YES,Yes,No
NGH0864,Abuja,Gwarinpa,Duplex,1,1,32,2021,18433984,no,No,Yes
NGH0865,Lagos,Ikeja,Bungalow,6,5,216,2007,90211752,NO,No,Yes
NGH0866,Lagos,Ajah,Bungalow,6,5,144,1999,94905216,NO,No,Yes
NGH0867,Port Harcourt,Trans-Amadi,Mini Flat,1,1,21,2007,10751433,,,
NGH0868,Abuja,Wuse,Flat,5,5,210,2013,131105730,no,Yes,Yes
NGH0869,Abuja,Gwarinpa,Mini Flat,2,1,64,2013,"28,893,760",yes,No,No
NGH0870,Lagos,Ikeja,Flat,1,1,33,2006,15600420,N,Yes,Yes
NGH0871,Lagos,Ajah,Duplex,4,4,104,1998,62142080,yes,No,No
NGH0872,Abuja,Wuse,Bungalow,4,4,172,2023,97682584,yes,Yes,Yes
NGH0873,Port Harcourt,GRA,Duplex,5,5,105,2005,"41,407,275",yes,Yes,No
NGH0874,Port Harcourt,Rumuola,Mini Flat,3,3,108,1997,57495204,N,Yes,Yes
NGH0875,Lagos,Yaba,Flat,2,1,82,2019,34912894,yes,Yes,Yes
NGH0876,Abuja,Wuse,Duplex,2,2,48,2001,19201104,NO,Yes,No
NGH0877,Port Harcourt,GRA,Duplex,4,4,144,1999,70528176,Y,No,No
NGH0878,Port Harcourt,Rumuola,Mini Flat,6,6,276,2015,184384008,NO,Yes,Yes
NGH0879,Abuja,Wuse,Flat,6,6,204,2006,66508284,N,Yes,No
NGH0880,Port Harcourt,Trans-Amadi,Flat,5,4,150,2001,79350450,,,
NGH0881,Abuja,Wuse,Duplex,5,5,215,2014,67959995,no,Yes,No
NGH0882,Lagos,Ikeja,Flat,2,1,50,2011,15820900,yes,Yes,Yes
NGH0883,Abuja,Maitama,Duplex,3,2,105,2006,30306675,N,Yes,Yes
NGH0884,Port Harcourt,Trans-Amadi,Mini Flat,4,3,100,2017,61837700,,,
NGH0885,Port Harcourt,GRA,Mini Flat,4,3,120,1995,76194840,yes,Yes,Yes
NGH0886,Abuja,Wuse,Flat,3,3,132,2013,"37,830,276",Y,No,No
NGH0887,Port Harcourt,Rumuola,Bungalow,1,1,40,2008,18016400,yes,Yes,Yes
NGH0888,Lagos,Ikeja,Bungalow,2,1,76,2009,19466792,YES,Yes,No
NGH0889,Lagos,Ikeja,Flat,4,4,128,1997,51273600,N,Yes,Yes
NGH0890,Port Harcourt,Trans-Amadi,Flat,1,1,39,2007,20286240,yes,Yes,No
NGH0891,Port Harcourt,GRA,Flat,1,1,20,2002,11843240,yes,No,No
NGH0892,Port Harcourt,Trans-Amadi,Duplex,6,6,276,1999,135985200,YES,Yes,Yes
NGH0893,Abuja,Wuse,Flat,6,6,252,2010,88059132,YES,Yes,Yes
NGH0894,Port Harcourt,Rumuola,Bungalow,6,6,246,2005,167252940,N,Yes,No
NGH0895,Abuja,Wuse,Mini Flat,6,5,174,2015,98013330,N,Yes,Yes
NGH0896,Abuja,Gwarinpa,Mini Flat,4,3,112,2018,37121504,NO,No,Yes
NGH0897,Port Harcourt,Rumuola,Bungalow,6,6,294,2009,158746476,YES,Yes,Yes
NGH0898,Port Harcourt,GRA,Bungalow,3,2,81,2020,55095552,NO,No,No
NGH0899,Port Harcourt,Trans-Amadi,Bungalow,6,6,132,1995,54630048,YES,Yes,No
NGH0900,Lagos,Lekki,Mini Flat,5,5,170,1999,79428760,,,
NGH0901,Port Harcourt,Rumuola,Flat,5,4,140,1995,92868580,yes,No,No
NGH0902,Abuja,Maitama,Bungalow,3,2,81,2017,47725848,,,
NGH0903,Port Harcourt,GRA,Duplex,2,1,66,1998,17067930,,,
NGH0904,Port Harcourt,GRA,Flat,6,6,132,2002,53512008,no,No,No
NGH0905,Abuja,Gwarinpa,Bungalow,6,5,192,2007,49959744,YES,No,No
NGH0906,Port Harcourt,Rumuola,Flat,2,2,96,2013,43695072,no,Yes,Yes
NGH0907,Abuja,Wuse,Flat,2,1,72,2017,28333512,YES,No,No
NGH0908,Lagos,Lekki,Flat,2,1,70,2000,34071170,no,Yes,Yes
NGH0909,Abuja,Maitama,Mini Flat,2,1,90,2007,23431500,no,No,Yes
NGH0910,Abuja,Gwarinpa,Mini Flat,4,3,104,1997,33122648,N,No,Yes
NGH0911,Abuja,Gwarinpa,Bungalow,6,5,294,2017,"142,024,638",Y,Yes,No
NGH0912,Port Harcourt,Rumuola,Mini Flat,5,5,200,2001,"116,009,600",NO,Yes,Yes
NGH0913,Abuja,Wuse,Flat,1,1,49,2015,33261788,YES,Yes,No
NGH0914,Port Harcourt,Rumuola,Flat,5,5,200,2013,127265600,YES,No,Yes
NGH0915,Abuja,Maitama,Duplex,6,6,216,2017,83864592,NO,No,No
NGH0916,Port Harcourt,Rumuola,Bungalow,6,5,174,1998,64425762,Y,No,No
NGH0917,Lagos,Lekki,Mini Flat,6,5,234,2012,"96,640,362",Y,Yes,Yes
NGH0918,Port Harcourt,Trans-Amadi,Duplex,4,3,156,2015,41299908,no,Yes,Yes
NGH0919,Lagos,Ikeja,Flat,6,5,138,2007,60368100,yes,Yes,Yes
NGH0920,Abuja,Maitama,Duplex,2,1,84,2008,33324564,no,No,No
NGH0921,Port Harcourt,Rumuola,Flat,2,1,42,2005,21804720,N,No,No
NGH0922,Lagos,Ikeja,Flat,4,4,136,2019,41376368,Y,Yes,No
NGH0923,Abuja,Gwarinpa,Flat,1,1,48,2020,27029040,N,Yes,No
NGH0924,Port Harcourt,Trans-Amadi,Duplex,6,5,216,2017,67511016,no,No,No
NGH0925,Abuja,Gwarinpa,Flat,2,1,56,2000,18525416,,,
NGH0926,Lagos,Yaba,Duplex,1,1,48,2022,29676768,NO,No,Yes
NGH0927,Port Harcourt,Trans-Amadi,Duplex,1,1,30,2013,13033680,NO,Yes,Yes
NGH0928,Port Harcourt,GRA,Flat,3,2,93,1998,61326525,yes,Yes,No
NGH0929,Port Harcourt,Trans-Amadi,Flat,3,3,114,2011,48993438,NO,Yes,Yes
NGH0930,Lagos,Ajah,Flat,4,4,96,2011,"27,114,336",no,No,No
NGH0931,Abuja,Wuse,Duplex,2,2,40,2022,13684880,NO,Yes,No
NGH0932,Lagos,Yaba,Flat,1,1,42,2004,24527916,Y,Yes,No
NGH0933,Abuja,Wuse,Bungalow,5,5,150,2007,81291000,N,No,No
NGH0934,Lagos,Ajah,Duplex,1,1,31,2005,19614816,Y,Yes,No
NGH0935,Abuja,Gwarinpa,Mini Flat,4,4,176,2003,57790656,yes,No,Yes
NGH0936,Abuja,Maitama,Flat,4,4,152,2006,88007392,N,No,Yes
NGH0937,Abuja,Gwarinpa,Duplex,2,2,48,2016,14619600,no,No,Yes
NGH0938,Abuja,Maitama,Duplex,4,3,112,1997,55903008,Y,Yes,No
NGH0939,Lagos,Ajah,Duplex,2,1,66,1997,"34,154,934",,,
NGH0940,Abuja,Maitama,Bungalow,1,1,26,2003,6558682,N,Yes,Yes
NGH0941,Abuja,Wuse,Mini Flat,5,5,115,1996,68260205,yes,Yes,Yes
NGH0942,Abuja,Maitama,Mini Flat,1,1,25,2005,9214525,Y,Yes,No
NGH0943,Lagos,Lekki,Duplex,6,6,138,2007,85537368,YES,No,No
NGH0944,Port Harcourt,Rumuola,Bungalow,5,4,140,2018,47724180,Y,Yes,No
NGH0945,Port Harcourt,Trans-Amadi,Flat,4,3,88,2022,"61,497,656",yes,No,Yes
NGH0946,Port Harcourt,Rumuola,Flat,4,3,160,2022,89557600,no,Yes,No
NGH0947,Lagos,Ajah,Flat,6,5,120,1998,37313760,NO,No,No
NGH0948,Abuja,Maitama,Duplex,4,4,88,2007,47415808,,,
NGH0949,Lagos,Ikeja,Mini Flat,6,5,174,2015,54376218,NO,Yes,No
NGH0950,Port Harcourt,GRA,Flat,5,4,165,2007,87825540,NO,No,No
NGH0951,Port Harcourt,GRA,Flat,6,5,126,2016,"49,025,088",Y,Yes,Yes
NGH0952,Abuja,Gwarinpa,Flat,4,3,116,1997,"62,247,456",N,No,Yes
NGH0953,Port Harcourt,GRA,Flat,3,3,75,2011,38085225,yes,Yes,No
NGH0954,Abuja,Maitama,Mini Flat,6,5,258,2023,157072464,no,Yes,Yes
NGH0955,Abuja,Gwarinpa,Duplex,4,3,188,2020,89010668,yes,Yes,No
NGH0956,Port Harcourt,GRA,Mini Flat,1,1,42,2022,17844246,NO,Yes,No
NGH0957,Port Harcourt,Trans-Amadi,Mini Flat,1,1,47,2020,"26,667,189",no,No,Yes
NGH0958,Port Harcourt,Trans-Amadi,Flat,3,2,120,2004,38562480,YES,Yes,No
NGH0959,Lagos,Yaba,Flat,6,6,126,1999,74739798,NO,No,Yes
NGH0960,Port Harcourt,Trans-Amadi,Flat,5,5,100,2017,31956100,YES,No,Yes
NGH0961,Lagos,Yaba,Mini Flat,4,4,196,2006,58134972,yes,Yes,Yes
NGH0962,Port Harcourt,GRA,Duplex,3,3,69,2007,38985966,N,Yes,No
NGH0963,Lagos,Yaba,Duplex,4,4,152,2003,95613928,Y,Yes,Yes
NGH0964,Abuja,Wuse,Mini Flat,3,2,60,2017,41462880,N,No,No
NGH0965,Port Harcourt,GRA,Bungalow,5,4,230,1998,"98,150,890",yes,No,No
NGH0966,Lagos,Yaba,Bungalow,3,3,84,2023,28792596,yes,Yes,No
NGH0967,Lagos,Lekki,Bungalow,2,1,64,2009,22627008,no,Yes,No
NGH0968,Lagos,Lekki,Duplex,4,3,92,2020,61163716,Y,Yes,No
NGH0969,Lagos,Ajah,Flat,1,1,24,2018,"14,084,424",N,No,Yes
NGH0970,Lagos,Ikeja,Flat,2,2,68,2022,38186964,Y,Yes,No
NGH0971,Port Harcourt,GRA,Bungalow,1,1,46,2020,17881626,Y,Yes,Yes
NGH0972,Abuja,Wuse,Duplex,2,2,90,2019,"50,275,530",N,Yes,No
NGH0973,Lagos,Lekki,Duplex,3,3,114,2005,70577400,no,Yes,Yes
NGH0974,Port Harcourt,Rumuola,Mini Flat,5,4,135,1998,94158450,,,
NGH0975,Port Harcourt,GRA,Flat,4,4,120,1995,81246720,,,
NGH0976,Abuja,Gwarinpa,Duplex,4,3,172,2016,55977572,Y,No,Yes
NGH0977,Abuja,Maitama,Flat,1,1,28,2008,15350300,yes,No,No
NGH0978,Abuja,Gwarinpa,Flat,2,2,74,1999,38338142,NO,Yes,No
NGH0979,Abuja,Gwarinpa,Mini Flat,1,1,43,2016,19685099,yes,No,Yes
NGH0980,Lagos,Lekki,Bungalow,6,6,126,2009,42172578,N,No,No
NGH0981,Abuja,Maitama,Mini Flat,5,4,200,2008,107844000,YES,No,Yes
NGH0982,Lagos,Ajah,Flat,6,5,294,2016,162071910,yes,No,Yes
NGH0983,Port Harcourt,Rumuola,Flat,6,5,198,2007,136119060,no,No,No
NGH0984,Abuja,Wuse,Flat,6,6,294,2000,86296938,N,No,No
NGH0985,Abuja,Maitama,Bungalow,4,4,120,2006,41201280,Y,No,No
NGH0986,Abuja,Gwarinpa,Bungalow,1,1,30,2007,8914590,N,Yes,Yes
NGH0987,Port Harcourt,Trans-Amadi,Mini Flat,3,3,141,2006,68973393,,,
NGH0988,Abuja,Wuse,Mini Flat,1,1,23,1997,12373885,N,No,Yes
NGH0989,Lagos,Ajah,Mini Flat,3,2,147,2019,900000000,N,No,No
NGH0990,Port Harcourt,Rumuola,Duplex,3,3,132,2012,64226184,no,No,No
NGH0991,Lagos,Yaba,Bungalow,6,5,222,2020,84002358,YES,No,Yes
NGH0992,Abuja,Wuse,Mini Flat,4,3,152,2023,78399472,no,Yes,Yes
NGH0993,Port Harcourt,Trans-Amadi,Duplex,5,4,180,2005,"94,727,880",Y,Yes,Yes
NGH0994,Abuja,Gwarinpa,Mini Flat,5,4,105,1996,68452335,yes,No,Yes
NGH0995,Abuja,Wuse,Mini Flat,5,4,135,1998,48746610,no,Yes,No
NGH0996,Abuja,Gwarinpa,Mini Flat,6,6,180,2001,"121,415,040",YES,No,No
NGH0997,Port Harcourt,Rumuola,Flat,3,2,129,2012,43588197,Y,Yes,No
NGH0998,Abuja,Maitama,Bungalow,5,4,155,2003,"92,462,460",N,Yes,No
NGH0999,Port Harcourt,GRA,Flat,2,1,48,2022,21609168,,,
NGH1000,Port Harcourt,Trans-Amadi,Flat,4,3,120,2015,45447240,YES,Yes,Yes
NGH0891,Port Harcourt,GRA,Flat,1,1,20,2002,11843240,yes,No,No
NGH0984,Abuja,Wuse,Flat,6,6,294,2000,86296938,N,No,No
NGH0108,Port Harcourt,Trans-Amadi,Flat,5,4,235,2004,140002895,,,
NGH0610,Lagos,Lekki,Flat,1,1,38,2003,15612908,N,Yes,Yes
NGH0114,Port Harcourt,GRA,Flat,5,5,100,2010,65671600,yes,Yes,Yes
NGH0351,Lagos,Ikeja,Duplex,6,5,126,2006,37985724,YES,No,No
NGH0023,Abuja,Wuse,Flat,5,4,225,2019,105266475,Y,No,No
NGH0137,Abuja,Wuse,Mini Flat,1,1,22,2011,13094092,,,
NGH0675,Lagos,Ajah,Mini Flat,2,1,90,2016,37523070,N,Yes,Yes
NGH0047,Abuja,Wuse,Mini Flat,3,2,93,2018,38672934,no,No,No
NGH0437,Port Harcourt,GRA,Mini Flat,3,2,108,2019,64244340,,,
NGH0438,Lagos,Ikeja,Bungalow,4,3,136,2006,"72,186,488",N,Yes,No
NGH0814,Port Harcourt,GRA,Flat,1,1,48,2000,14066688,Y,Yes,No
NGH0272,Lagos,Yaba,Duplex,6,6,204,1998,130768080,no,Yes,Yes
NGH0564,Lagos,Ajah,Flat,1,1,30,2001,10795410,NO,No,Yes
NGH0215,Port Harcourt,GRA,Mini Flat,6,5,216,2008,73842840,no,Yes,No
NGH0631,Port Harcourt,Rumuola,Duplex,2,1,70,2023,38795680,yes,Yes,Yes
NGH0295,Lagos,Lekki,Duplex,1,1,48,2005,24811248,NO,Yes,Yes
NGH0246,Port Harcourt,Trans-Amadi,Mini Flat,1,1,36,2006,23028408,Y,No,Yes
NGH0747,Abuja,Wuse,Duplex,2,1,94,2014,"56,173,366",no,Yes,No
NGH0436,Abuja,Gwarinpa,Flat,2,1,50,2009,32259800,YES,No,No
NGH0456,Abuja,Gwarinpa,Duplex,2,2,40,2003,"17,043,040",yes,Yes,Yes
NGH0955,Abuja,Gwarinpa,Duplex,4,3,188,2020,89010668,yes,Yes,No
NGH0110,Lagos,Ajah,Flat,2,2,90,1999,25399530,NO,No,No
NGH0051,Port Harcourt,GRA,Mini Flat,5,5,215,2011,106738470,NO,No,Yes
NGH0756,Abuja,Maitama,Mini Flat,6,5,276,2017,146897964,yes,No,No
NGH0345,Port Harcourt,GRA,Duplex,3,2,90,2011,33461010,YES,Yes,Yes
NGH0912,Port Harcourt,Rumuola,Mini Flat,5,5,200,2001,"116,009,600",NO,Yes,Yes
NGH0527,Lagos,Lekki,Flat,1,1,34,1995,9442582,NO,No,Yes
NGH0611,Abuja,Gwarinpa,Duplex,5,5,235,2008,153288150,yes,Yes,No
NGH0901,Port Harcourt,Rumuola,Flat,5,4,140,1995,92868580,yes,No,No
NGH0519,Abuja,Wuse,Duplex,2,1,94,1996,33220446,yes,Yes,Yes
NGH0669,Lagos,Lekki,Flat,2,1,70,2002,46611040,N,No,No
NGH0721,Port Harcourt,GRA,Flat,2,2,44,2017,29820428,yes,No,Yes
NGH0783,Abuja,Wuse,Flat,4,4,176,2002,71184080,N,No,No
NGH0572,Abuja,Wuse,Mini Flat,2,2,82,2006,45695074,no,Yes,No
NGH0087,Abuja,Maitama,Flat,5,4,240,2011,91529520,N,Yes,No
NGH0130,Lagos,Lekki,Duplex,6,5,288,2013,183103776,NO,Yes,No
NGH0513,Abuja,Maitama,Mini Flat,2,2,84,2017,"33,318,516",no,Yes,No
NGH0125,Lagos,Ikeja,Mini Flat,2,2,94,2021,42061146,YES,No,Yes
NGH0268,Lagos,Yaba,Mini Flat,4,4,100,2019,"57,880,000",yes,Yes,No
NGH0942,Abuja,Maitama,Mini Flat,1,1,25,2005,9214525,Y,Yes,No
NGH0841,Abuja,Maitama,Duplex,6,6,264,2017,148559928,yes,Yes,Yes
NGH0702,Port Harcourt,Trans-Amadi,Mini Flat,3,2,66,2008,38458002,no,No,No
NGH0583,Port Harcourt,Trans-Amadi,Mini Flat,6,5,222,2002,75896916,YES,Yes,Yes
NGH0932,Lagos,Yaba,Flat,1,1,42,2004,24527916,Y,Yes,No
NGH0959,Lagos,Yaba,Flat,6,6,126,1999,74739798,NO,No,Yes
NGH0435,Port Harcourt,Trans-Amadi,Mini Flat,1,1,22,2021,8546912,N,Yes,No
NGH0284,Abuja,Gwarinpa,Mini Flat,6,6,288,2008,122514912,YES,Yes,No
NGH0133,Lagos,Lekki,Duplex,2,2,56,2001,14182952,yes,Yes,Yes
